abdest,Abdiel,abduce,abduct,abeigh,abider,Abipon,abject,abjure,ablest,ablins,ablude,ablush,abound,abouts,abrico,abrupt,absent,absmho,absohm,absume,absurd,abulic,aburst,abuser,abvolt,acerin,acetin,acetol,acetum,acetyl,achime,aching,achtel,acider,acidly,acidyl,acinus,acknow,acloud,acmite,acnode,acoine,Acorus,acquit,acrite,acrose,actify,actine,acting,action,Actium,active,acture,acuity,acumen,adenyl,adieux,Adighe,adipsy,adipyl,aditus,adject,adjoin,adjure,adjust,admire,Adolph,Adonic,Adonis,adrift,adroit,adsorb,Advent,adverb,advert,advice,advise,adyton,adytum,aecium,Aeolic,aeolid,Aeolis,aerify,aerugo,Afenil,afield,aflush,afresh,afront,afrown,agedly,agency,Aghori,aglint,agnize,agnosy,agonic,agouti,agrise,agrito,agrope,agrufe,agruif,aguish,ahorse,aidful,aiglet,ailuro,aimful,Aimore,ainhum,aisled,ajoint,akhrot,akimbo,akonge,albedo,albeit,Albert,albify,albino,Albion,albite,Alboin,albugo,alburn,Alcedo,alcine,alcove,alcyon,aldern,aldime,Aldine,aldine,aldose,alecup,alephs,alepot,alevin,alexic,alexin,Alexis,Alfirk,Alfred,Alfuro,Algedi,algedo,algine,algist,algoid,algous,alight,Alioth,aliped,Alison,alison,alkide,alkine,alkoxy,alkyne,almond,almost,almous,almuce,almude,alnico,alphos,alpieu,Alpine,alpine,alpist,Alsine,altern,altoun,alumic,alumni,alveus,alvine,alvite,alypin,Alytes,ambery,ambier,ambler,ambury,ambush,amelus,amends,amiced,amidol,amidon,amidst,Amiles,amlong,amober,amobyr,Amores,amoret,amotus,amount,ampery,amphid,amulet,amused,amuser,Amusgo,amuyon,amylic,amylin,amylon,amyous,amyrin,Amyris,amyrol,anbury,anchor,ancile,Andevo,Andoke,Andrew,andric,androl,anemic,anergy,anerly,Angelo,Angers,angico,angild,angled,angler,Angles,Anglic,anguid,Anguis,anguis,anicut,anight,animus,anisum,anisyl,anklet,Ankoli,anodic,Anolis,anorth,anotus,anoxic,Anselm,answer,antdom,anthem,anther,Anthus,antler,Antlid,antrum,Anubis,Anukit,anuric,anusim,anyhow,aorist,aortic,aosmic,apedom,aperch,aphony,apices,apinch,apiole,apiose,aplite,aplomb,aplome,apneic,Apodes,apoise,aponic,apozem,apulse,aquose,arbute,arched,arches,Archie,archil,archly,archon,arcing,Arcite,arcked,Arctos,ardent,ardish,areito,Arenig,argent,arghel,Argive,argosy,argufy,argute,Argyle,aridge,aridly,aright,arigue,ariled,ariose,arisen,Arkite,arkite,arkose,Arleng,Arline,armful,armied,arming,armlet,armpit,Arnold,aroint,around,arouse,aroxyl,arpent,arseno,arshin,arsine,arsino,artful,Artgum,arthel,arumin,Arundo,ascend,ascent,aseity,ashery,ashily,ashine,ashore,ashpit,asideu,asimen,aslope,asmile,asmoke,asnort,asouth,aspect,aspire,asport,aspout,astely,astern,astony,Astrid,aswing,aswirl,asylum,Athens,athing,athrob,atimon,atloid,atomic,atoner,atonic,atopic,atoxic,Atoxyl,atoxyl,atresy,atrium,atrous,atwirl,atypic,Aubrey,audile,Audion,audion,Audrey,augend,augite,auklet,aumbry,aumery,aumrie,auncel,auntie,auntly,auride,aurify,aurist,aurite,auspex,Auster,Austin,autecy,author,autism,aveloz,averil,averin,avidly,Avikom,avocet,avouch,avowed,avower,avowry,avoyer,avulse,aweigh,awheft,awhile,awhirl,awmous,awreck,awrist,awrong,axenic,axised,axunge,axwise,axwort,azilut,azonic,azoted,azotic,azured,azygos,bachel,backed,backen,backer,backet,backie,backup,baclin,bacony,bacule,baculi,bacury,badger,baetyl,Bafyot,bagful,bagnio,bagnut,bagwyn,bailer,bailey,bailor,baiter,bajury,bakery,baking,baktun,balden,balder,Baldie,baline,balker,Balkis,Baloch,baltei,balter,Baltic,Baltis,Baluch,bamoth,banchi,bancus,bander,bandhu,bandie,bandit,bandle,bandog,Bandor,banger,banghy,bangle,banish,banked,banker,banket,banter,banuyo,bardel,bardic,bardie,barely,barfly,barful,barile,baring,barish,barite,barium,barken,barkey,barkle,barley,barlow,Barney,barney,barong,barony,barsom,Barton,barton,Baruch,barvel,basely,basify,basion,basker,basket,basoid,basote,Basque,basque,basten,baster,baston,Basuto,bather,bathic,bathos,bating,batino,batlon,batoid,batule,batzen,bauson,Bavius,bawdry,bawler,bawley,bawtie,baxter,bayish,baylet,beachy,beacon,beardy,beatus,beauti,beauty,becalm,becard,beckon,beclad,beclaw,beclog,becost,becram,becuna,becurl,bedamn,bedamp,bedark,bedash,bedawn,bedcap,bedirt,bedlam,bedlar,bedman,bedolt,bedown,bedpan,bedral,bedrip,bedrop,bedrug,beduck,bedung,bedusk,bedust,bedway,befist,beflag,beflap,beflum,befoam,befoul,befriz,begani,begari,begash,begaud,begift,begild,begird,beglad,beglic,begluc,begnaw,begohm,begoud,begowk,begray,begrim,Beguin,begulf,begunk,behalf,behind,behint,behold,behorn,behowl,behung,behymn,bejant,beking,beknit,beknow,belady,Belait,belard,belash,belaud,beldam,belfry,Belgic,belick,belion,beloam,beloid,belong,belord,belout,Beltir,Beltis,belton,beluga,bemail,bemask,bemaul,bemist,bemoan,bemoat,bemock,bemoil,bemolt,bemuck,bemusk,benami,benchy,Bengal,benshi,benzal,benzil,benzol,benzyl,bepaid,bepart,bepity,bepray,berain,berapt,bergut,berith,berlin,Bersil,Bertha,berust,beshag,beshod,beshow,besigh,besing,beslap,beslow,beslur,besmut,besnow,besoil,besoul,besour,bespin,bespit,bespot,bestar,bestay,bestir,bestow,bestud,besuit,beswim,betail,betalk,betask,betoil,betony,Betoya,betrap,betray,betrim,Betula,Beulah,bewail,bewash,bewhig,bewith,bework,beworm,beworn,bewrap,bewray,beydom,beylic,beyond,bezant,bezoar,Bhadon,bhakti,bhangi,Bhotia,Bhumij,bhungi,Bhutia,bianco,biceps,bicker,bicone,bicorn,bicron,Bidens,bident,bieldy,bienly,biflex,bifold,biform,bigamy,biglot,bignou,bijoux,Bikram,bildar,bilker,bimane,binary,binate,binder,bindle,bingey,bingle,binode,binous,biogen,biopsy,bioral,bipack,Bipont,Birgus,birken,birsle,birthy,bisalt,bisect,bisext,bishop,Bisley,bismar,bisque,bister,bistro,bitume,biurea,biuret,bizone,Bjorne,blacky,blader,Blaine,blamed,blamer,Blanch,blanch,blanco,blanky,blarny,blashy,blasty,blaver,Blayne,blazer,blazon,bleach,bleaky,bleary,bleaty,blench,Bletia,blight,blinks,blinky,blithe,Blitum,blocky,blonde,blosmy,blotch,blouse,blowen,blower,blowth,blowup,blowze,blowzy,bluing,bluish,bluism,Blumea,blunge,blunks,blushy,boardy,boater,boatie,boatly,bocher,bodach,bodega,bodger,bodice,bodier,bodily,boding,bodkin,bogard,bogart,bogier,boglet,bogman,bogway,bohawn,bohunk,Boidae,boiled,boiler,bojite,bokard,bolden,bolide,bolter,bonaci,bonagh,bonair,bondar,bonder,bonduc,bonify,bonsai,bonxie,bonzer,borage,Borani,borate,bordel,boread,boreal,borean,Boreas,Boreus,boride,borine,boring,borish,borism,bority,borize,bornyl,borsch,borsht,Boruca,bosher,bosker,bosket,botany,botchy,Botein,botfly,bother,bouche,bougar,bouget,bought,boughy,bougie,boukit,bounce,bounty,bourse,bouser,bovate,bovine,bowels,Bowery,bowery,bowfin,bowing,bowker,bowleg,bowler,bowman,bowpin,bowyer,boxcar,boxful,boxing,boxman,boyang,boyard,boyish,boyism,braced,braces,bracky,Bracon,Brahmi,Brahui,brains,brainy,braise,brakie,branch,Brandi,Brandy,brandy,branle,brashy,brawly,brawny,brazen,brazil,breach,breast,breath,bregma,brehon,brelaw,Bremia,Brenda,Breton,brevit,brewis,brewst,bricky,bridal,bridge,bridle,briefs,bright,brique,Briton,broach,broche,Brodie,brogan,brogue,broken,brolga,bromal,bromic,Bromus,bronze,bronzy,brotan,brothy,brough,browed,browis,browny,browse,browst,bruang,brucia,bruise,brumal,brunch,brunet,brushy,brutal,bucare,bucked,bucker,bucket,buckie,buckle,buckra,budger,budget,budlet,budzat,bugdom,bugled,bugler,buglet,bukshi,Bulgar,bulger,bulimy,bulked,bulker,bulter,bultey,bultow,bumper,buncal,bunchy,bunder,bundle,bungey,bungle,bunker,bunkie,buntal,bunted,Bunter,bunter,bunyah,bunyip,burden,burdie,burdon,burgle,burial,burian,Buriat,buried,burion,burlap,burled,burlet,Burley,Burman,burned,burnet,burnie,bursal,burton,bushed,bushel,busher,bushwa,busied,busily,busine,busked,busker,busket,buskin,buskle,busman,busted,buster,bustic,bustle,butane,butein,butine,Butler,butler,butoxy,butyne,buzane,byeman,bygane,bygone,byhand,byname,bypast,bypath,byrlaw,byrnie,byroad,bytime,bywalk,byword,bywork,cabled,cabler,cablet,cabrit,cadbit,cadent,cadger,cadism,Cadmus,Caelum,Caelus,cagily,caique,cairny,cajole,Cakile,calden,caligo,caliph,Calite,calker,calkin,calmer,calved,calver,calves,Calvin,camber,camion,camise,camlet,camper,campho,cample,campus,candle,candor,candys,Canelo,canelo,canful,cangle,cangue,canker,canopy,canroy,canted,canter,cantle,cantor,cantus,capful,Capito,capkin,caplin,capote,caprid,caprin,capryl,capsid,captor,carbon,carboy,carbyl,cardel,cardin,cardol,cardon,carest,carful,carhop,caries,Cariyo,carlet,carlie,carlin,Carlos,carlot,Carmel,Carmen,carmot,carney,Caroid,Carole,caroli,carone,carpel,carpet,carpid,carpos,carpus,cartel,carton,carvel,carven,carvol,carvyl,casefy,casein,casern,caseum,cashel,cashew,casing,casino,casket,Caslon,Casper,casque,caster,castle,Castor,castor,catdom,cathin,cathop,cathro,cation,cativo,catkin,catlin,catnip,catsup,caudex,caudle,caught,caules,caulis,Caunos,causer,causey,cautel,cauter,cavern,caving,cavish,cavity,cavort,cawney,Caxton,Cayuse,cearin,cebian,ceboid,cedarn,cedary,cedrat,cedrin,cedrol,cedron,Cedrus,cedula,Celsia,Celtis,cenoby,censor,cental,centry,centum,Cephas,cephid,Cephus,ceptor,cerago,Cerion,cerium,ceroma,cerous,certis,cervid,cervix,Cervus,cesium,Ceylon,chabot,chabuk,chafer,chagul,chaise,chaksi,chalet,chalky,chalon,Chamos,champy,Chandi,chandi,chandu,change,chanst,chaped,chapel,chapin,charet,charge,Charon,charuk,chaser,chasmy,chaste,chaute,chawer,chebog,chekan,chelys,chemis,cherty,cherub,cheson,chesty,cheval,chevin,chevon,chiasm,chiaus,chider,chidra,chield,chigoe,childe,chimer,chinar,chined,chinks,chinky,chinoa,chinol,chinse,chintz,chiral,Chiron,chirpy,chisel,chitak,chital,chiton,chitra,chivey,chlore,choate,choaty,chogak,Choiak,choker,chokra,choler,cholum,chonta,chopin,Chorai,choral,chorda,chorea,Chorti,chorus,chosen,Chouan,chouka,chouse,chowry,Chozar,chrism,Christ,chroma,chrome,chromy,Chueta,chukar,chukor,chulan,chumpy,chunga,chunky,chupak,chupon,churel,churly,chuter,chymia,chypre,chytra,Cibola,cibory,cinder,cinema,cingle,cinque,cinter,Cinura,cipher,cirque,cistae,cisted,cither,citole,citral,citron,Citrus,citrus,cladus,Claire,claith,clamer,clamor,claque,claret,clarin,clarty,clashy,claspt,Claude,clause,claver,clavis,clavus,clawed,clawer,clayen,clayer,cledgy,cleoid,clergy,clerid,Clerus,clevis,client,clifty,climax,clingy,clinty,Cliona,Clione,clipse,clique,cliquy,clites,clithe,clivus,clonus,closed,closen,closer,closet,clothe,clothy,cloudy,clough,clouty,cloven,clover,cloyer,clumpy,clumse,clumsy,Clupea,Clusia,clysma,cnemis,coaged,coakum,coaler,coarse,coated,coater,coatie,coaxer,cobalt,cobang,cobnut,coburg,codger,codify,codist,Codium,codman,Codrus,coelar,coelia,coelin,coempt,coetus,coeval,Cofane,cogent,coghle,cogman,cogway,coheir,cohune,coifed,coigue,coiled,coiler,coiner,coital,coitus,cokery,coking,colane,colate,colder,coleur,Coleus,Colias,Colima,colima,coling,Colius,colmar,colpus,colter,column,colure,colyum,comart,comate,combat,combed,comber,comble,comedy,comely,comfit,coming,comity,compel,comply,confab,Confed,confix,conger,conima,Conium,conker,Conrad,conred,consul,conter,contra,conure,convex,convey,copalm,copart,copied,copier,coping,copist,copita,copter,Coptis,copula,coquet,corban,corbel,corbie,cordax,cordel,Cordia,cordyl,coreid,Corema,corial,coring,corium,Corixa,corked,cormel,cormus,cornea,cornel,cornet,Cornus,corpse,corpus,corset,corsie,Cortes,cortex,cortez,cortin,Corvus,corymb,coryza,coseat,cosher,cosily,cosine,costal,costar,coster,costly,cotise,cotman,cotula,cotwin,cotyla,cotype,cougar,county,couped,couper,couple,courap,courge,couril,course,cousin,coutel,couter,coutil,couxia,covent,covert,coving,covite,coward,cowdie,cowish,cowled,cowman,cowpea,cowpen,cowrie,coxite,coyish,coyure,cozier,cozily,cradge,cradle,crafty,crakow,Crambe,crambe,crambo,crampy,craney,cranky,crants,craven,crawly,crayon,crazed,creagh,creaky,creamy,creant,creasy,credit,Crepis,crepon,cresol,cresyl,Cretan,cretin,crimpy,crinal,crined,crinet,cringe,Crinum,cripes,crispy,crista,croaky,cronet,Crosby,crotal,crotin,crotyl,croupe,croupy,crouse,croute,crowdy,cruels,cruent,cruety,cruise,cruive,crumby,crumen,crumpy,crusie,crusta,crusty,crying,crypta,cubage,cubdom,cubism,cubist,cubito,cuboid,cudgel,cueist,cueman,cuerda,cuesta,culmen,culver,cumber,cumbha,cumbly,cumbre,cumhal,cuneal,cunila,cunjah,cunjer,cuorin,Cuphea,cupman,cupola,curate,curdle,curdly,curfew,curial,curine,curing,curite,curled,curlew,curney,curple,cursal,cursed,curtal,Curtis,curtly,curtsy,curved,curvet,cushag,cushat,cushaw,cuspal,cusped,cuspid,custom,cutely,cutler,Cyamus,cyanol,cyanus,cygnet,Cygnid,Cygnus,cymbal,cymoid,cymose,cymous,cymule,Cynias,Cynips,cynism,cynoid,cypres,Cypria,Cypris,Cyrano,cystal,cysted,cystid,cytase,cytode,cytoid,cytoma,cytula,dablet,Dacelo,dacite,dacker,dacoit,Dactyl,dactyl,daemon,daftly,dagesh,daiker,daikon,daimen,daimon,dainty,daleth,Dalton,dalton,damier,damine,damner,Damone,dampen,damper,damply,damsel,damson,dancer,danger,dangle,Daniel,Danish,Danism,Danite,Danize,dankly,Danube,Danuri,Danzig,daoine,Daphne,dapico,dargue,Darien,daring,Darius,darken,darkle,darkly,darnel,darnex,dartle,dartos,dasher,dastur,dating,dation,Datism,dative,dauber,daunch,dauncy,dautie,davoch,davyne,dawish,dawkin,Dawson,daylit,deacon,deafly,dearly,dearth,deasil,deathy,debark,debosh,debris,debtor,debunk,decamp,decani,decant,decart,decast,Decian,decima,Decius,decoat,decury,defalk,defial,deform,defoul,defray,deftly,degust,dehair,Dehgan,Dehkan,dehorn,dehors,dehort,dehusk,Dehwar,Deimos,deinos,delawn,Delian,delict,delint,deltic,demark,demast,demiox,denaro,denary,denial,dental,dentil,depark,depart,depict,deploy,deport,deputy,derail,dermal,dermic,dermis,dermol,derout,derust,desalt,descry,design,desman,desmic,desmon,despot,detach,detail,detain,detour,deuton,devast,devily,devoir,devour,devout,dewcup,dewily,dewlap,deworm,dewtry,dextro,dezinc,dhanuk,dhauri,diacle,dialer,diaper,diarch,diatom,diaxon,dibase,dibrom,dicast,dichas,dicker,dickey,dictum,dietal,digamy,digeny,digest,diglot,digram,dihalo,dikage,diketo,dilate,dilker,dilogy,dilute,dimber,dimble,Dimera,dimple,dimply,dimpsy,dinero,dingar,dinghy,dingle,dingly,dingus,dinkey,dinkum,dioecy,dionym,Diosma,diplex,diploe,dipole,dipsey,dipter,dipyre,direct,direly,dirhem,dirten,disarm,disazo,disbar,discal,disfen,disher,dismal,disman,dismay,disnew,disorb,disown,dispel,distal,dither,ditone,Diurna,diurne,divers,divert,divest,djerib,djersa,doable,doater,docent,docile,docity,docken,docker,docket,doesnt,dogate,dogman,Dogrib,dogtie,doings,dokhma,dolcan,dolent,dolina,doline,dolium,dolman,dolmen,domain,doment,domine,domite,domnei,donary,donate,donkey,Donmeh,donsie,Dorask,Dorcas,Dorian,Dorine,Dorism,Dorize,dormie,dornic,dorsal,dorsel,dorsum,doruck,dosage,dotage,doting,dotish,dotkin,double,doubly,doucet,douche,doucin,dought,doughy,dourly,douser,douter,dovish,dowcet,dowery,dowily,dowlas,downby,downer,dowser,dowset,dozily,drably,drachm,drafty,dragon,draine,drawly,drazel,dreamt,dreamy,drench,driest,drifty,Drimys,drivel,driven,drogue,Drokpa,dromic,dropsy,drosky,drowse,drowsy,druith,Drukpa,drumly,drupal,drupel,drying,dryish,Dryope,Dryops,dualin,duarch,dubash,ducape,ducato,ducker,duckie,ductor,dufoil,dufter,dugway,duiker,dukely,dukery,dulcet,Dulcin,dultie,dumbly,dumose,dumper,dumple,dunair,dunger,dungol,dunite,Dunker,dunker,Dunlap,Dunlop,duntle,dupery,dupion,duplet,duplex,durain,Durani,durant,Durban,durgan,Durham,durian,during,durity,dusack,duscle,dusken,duskly,duster,Dustin,Dutchy,duyker,dwarfy,Dwayne,Dwight,dyeing,dynamo,dynast,earful,earing,earthy,earwig,easily,easing,eating,Eburna,Echium,Eciton,eclair,ectopy,edital,editor,Edwina,egipto,egoism,egoist,egoity,eighty,Elanus,elapid,elator,elbowy,elding,elfish,elfkin,Elijah,Elinor,Elisha,elisor,Elkdom,Elkuma,Elohim,eloign,elutor,Elvira,elvish,Elymus,Elysia,elysia,embank,embark,embind,embira,emblic,embody,emboly,embryo,embuia,embusk,emodin,empark,employ,emptor,Empusa,Enajim,enalid,enamor,enarch,enatic,encamp,encash,encist,encoil,encowl,encurl,encyst,endura,endyma,enfoil,enfold,enfork,enfoul,engaol,engarb,engaud,engild,engird,engirt,englad,englut,engold,engram,engulf,enhalo,enhusk,enigma,enjail,enjamb,Enkidu,enlard,enlist,enlock,enmask,enmist,enmity,enodal,enolic,Enopla,enough,enrapt,enrich,ensoul,enstar,entach,entail,entify,entoil,entomb,entrap,enwomb,enwrap,eolith,eonism,eparch,ephyra,epical,epicly,Epizoa,epizoa,epocha,epodic,eponym,epulis,epural,equant,equity,equoid,erbium,ericad,erical,Ermani,erotic,ersatz,erthly,erucin,erudit,eryngo,Eryops,escarp,eschar,escoba,escort,escrol,escrow,escudo,Eskimo,esodic,espial,espino,estado,estamp,estray,estrin,estufa,etalon,Etamin,ethics,Ethiop,ethnal,ethnic,ethnos,ethrog,etymic,etymon,etypic,Euboic,Euclid,Eudist,Eudora,Eulima,eulogy,eunomy,euonym,euphon,Europa,euryon,eutaxy,eutony,Evodia,exarch,Exaudi,excamb,excyst,exhort,exitus,exodic,exodus,exomis,exotic,expand,expiry,export,expugn,exship,extima,extund,fabled,fabler,fabric,facies,facile,facing,factor,factum,facund,fading,fagine,fagoty,fainly,faints,fainty,fairly,fakery,falcer,falces,falcon,falsen,falser,falsie,falter,Faluns,famble,family,famine,famish,famous,fandom,fanged,fangle,fangot,fantod,fardel,faring,Farish,farish,farleu,Farouk,farset,fascet,Fascio,fasher,fasten,faster,father,fathom,fauces,faucet,faucre,faulty,fautor,favism,favose,favous,fawner,fayles,fealty,feasor,featly,feckly,fecula,fecund,Fedora,fegary,Fehmic,Feijoa,feisty,feloid,felony,femora,feodal,ferash,Fergus,ferial,ferity,Fertil,ferula,fervid,Fesapo,festal,fetial,fetish,fetlow,feucht,feudal,fiacre,fiance,fiasco,fibdom,fibula,ficary,fickle,fickly,Ficula,fidate,fidget,fieldy,fiesta,figaro,figent,figure,figury,filace,Filago,filate,filmet,Filosa,filose,filter,filthy,fimble,finale,findal,finder,finely,finery,Fingal,finger,finkel,finlet,firlot,firman,firmly,fiscal,fished,fisher,fishet,fisted,fister,Fiuman,fixage,fixate,fixure,flagon,flaith,flaker,flamed,flamen,flamer,flanch,flange,flanky,flaser,flashy,flated,flatus,flaunt,flavic,flavid,flavin,flavor,flawed,flaxen,flayer,flecky,fledgy,flench,fleshy,fletch,fleury,flewit,flexor,flicky,flight,flimsy,flinch,flingy,flinty,flioma,flirty,flisky,flitch,floaty,flocky,flodge,floran,flores,floret,Floria,florid,florin,floury,flouse,flower,fluate,flucan,fluent,fluked,flunky,flushy,fluted,fluter,fluxer,flying,flyman,Flysch,foamer,focsle,fodgel,foeish,foeman,fogman,fogram,foible,foiler,foisty,foiter,folden,folder,foliar,folium,folksy,foment,fondak,fondle,fondly,fondue,fonduk,fontal,fonted,forage,forane,forbid,forbit,forced,forche,forest,forged,forget,forgie,forint,forked,forlet,formal,format,formed,formel,formic,formin,formyl,Fornax,fornix,forpet,forpit,forset,forthy,fortin,fortis,Fosite,Foster,foster,fother,fotmal,fought,fouler,fourth,fouter,foveal,fowler,foxery,foxily,foxing,foxish,frache,fraise,framed,franco,Frangi,franzy,frasco,fratch,fraxin,frayed,frazil,freaky,freath,freity,frenal,French,frenum,frenzy,fresco,fresno,fretum,Freyja,friand,Friday,Frieda,friend,friezy,fright,frijol,fringe,fringy,frisca,frisky,frison,frivol,froise,frolic,frosty,Frothi,frothy,frough,frowny,frowst,frowze,frowzy,frozen,frugal,fruity,frumpy,fucate,fucoid,fucose,fudger,fugler,fulgid,fulgor,fulham,Fulica,fulmar,fulvid,fulyie,fulzie,fumado,fumage,Fumago,fumble,fumily,fuming,fumose,fundal,funder,fundic,funest,fungal,Fungia,fungic,funker,Funkia,funori,furcal,furdel,furied,Furies,Furlan,furoic,furoid,furoin,furole,furphy,furzed,fusain,fusate,fuscin,fusion,fusoid,fustic,fustin,fustle,futile,gabion,gablet,gadfly,gaduin,Gaelic,gaiety,gainer,gainly,gainst,gaited,gaiter,galeid,Galeus,galiot,Galium,galore,galosh,galuth,gambet,gambit,gamble,gambol,gamely,gamily,gamont,gamori,gander,gandul,gandum,ganoid,gansel,gansey,gantry,gantsl,ganzie,gaoler,Gaonic,garbel,garble,garden,garish,garlic,garnel,garnet,garsil,garten,garvey,Gascon,gashly,gasify,gasket,gaskin,gaslit,gasper,gaster,gather,Gathic,gauche,Gaucho,gaufer,gaufre,Gaulic,gaulin,gaunty,gawcie,gawney,gawsie,gayish,gazebo,geason,geisha,geison,gemuti,genial,Genipa,genipa,genius,gently,gentry,genual,geodal,geodic,Geomys,Geonic,Geonim,geosid,geotic,Gerald,geraty,gerbil,germal,German,german,germin,germon,geront,gersum,gerund,gervao,Gervas,gesith,gestic,Getsul,ghafir,ghaist,ghosty,gibaro,gibleh,giblet,Gibson,Gideon,Gienah,Gifola,gifted,gilden,gilder,Gileno,gimbal,gimble,gimlet,gimped,gimper,gipser,girdle,girsle,gisler,glacis,Gladys,glairy,glaive,glaked,glance,Glauke,glaury,glaver,glazed,glazen,glazer,gleamy,gleary,glider,glioma,gliosa,Glires,glisky,globed,globin,glomus,Gloria,glover,glovey,glower,glucid,gluish,glumpy,glunch,glusid,glutch,gluten,glutin,glycid,Gnaeus,gnarly,Gnatho,gnawer,Gnetum,gnomed,gnomic,goalie,goatly,goback,Gobian,goblet,goblin,gocart,Godful,Godiva,godkin,godlet,Godwin,godwit,goetia,goetic,Gohila,Goidel,goiter,golach,golden,golder,Goldic,goldie,goldin,golfer,gomari,gomart,gombay,gomlah,gomuti,goniac,gonial,Gonium,gonium,gopher,gopura,gorbal,gorbet,gorble,gorfly,gorhen,gorily,gorlin,gormaw,gormed,gosain,Goshen,goslet,gospel,Gotham,Gothic,gourde,gourdy,gousty,govern,gowfer,gowked,gowkit,gowpen,graben,gradin,gradus,grainy,graith,granch,Granth,graped,graphy,gratis,graved,gravel,graven,Graves,gravic,gravid,grawls,greasy,greund,Grewia,grilse,grimly,grinch,Griqua,grisly,Grison,grison,gristy,grivet,grivna,Grizel,groats,Gromia,groset,groszy,grouch,ground,grouse,grousy,grouts,grouty,grouze,groved,grovel,growan,growed,growly,growse,growth,grozet,gruine,grumly,grumph,grumpy,grundy,Grunth,grutch,Guacho,guacin,guaiol,guanyl,guardo,gudame,Guelph,guemal,Guetar,guider,guidon,guilty,guimpe,Guinea,guinea,guiser,guitar,gulden,gulose,gulper,gulpin,gunate,gunebo,Gunite,gunite,gunsel,Gunter,gunter,gunyah,gunyeh,gurdle,Gurian,Gurish,Gurkha,gurnet,gusher,gushet,Gutnic,guydom,gweduc,gymnic,gympie,gynics,Gynura,gypsum,gyrant,gyrate,gyroma,gyrose,gyrous,habile,Habiru,hacked,hacker,hackin,hackle,hackly,hadbot,hading,hafnyl,hafter,hagdon,haglet,haglin,Haiduk,hailer,hailse,hairdo,haired,hairen,hairup,halebi,halerz,halfer,halide,halite,haloid,halsen,halter,halutz,halved,halver,halves,hamble,hameil,Hamite,hamlet,hamose,hamous,hamper,hamule,hanced,hander,handle,hangby,hanger,hangie,hangle,hangul,hanker,hankie,hankle,hansel,hansom,hantle,hapten,haptic,harden,hardim,hardly,harlot,harmel,Harmon,Harold,hartin,Harvey,haslet,hasten,haster,hatbox,hatful,hatpin,hatred,hauler,haulmy,haunty,hausen,havent,havers,havier,hawked,hawker,hawkie,hawser,haymow,haysel,hazily,hazing,hearst,hearts,hearty,Hector,hector,hegari,hegira,Heikum,Hejazi,heling,Helion,Helios,helium,heloma,hemina,hemoid,henbit,hendly,henism,hepcat,heptad,heptal,heptyl,herald,herbal,herdic,heriot,Herman,Hermit,hermit,hernia,heroic,heroid,Heroin,heroin,Heruli,hetman,hexact,hexoic,Hezron,hiatus,hickey,hidage,hiemal,hieron,hieros,higdon,hijack,Hilary,hinder,hinger,hingle,hinter,hirmos,hirple,hirsel,hirsle,Hirudo,histon,hoarse,hoaxer,hocker,hocket,hockey,hodful,hodman,hoeful,hognut,hogpen,hogsty,holard,holcad,Holcus,holden,holder,holdup,holing,holism,holmia,holmic,homage,homely,homily,hominy,homrai,honest,honied,honily,honker,hormic,horned,hornet,Hornie,hosier,hostel,hoster,hostie,hostly,hostry,hotbed,Houdan,hounce,houndy,hourly,housal,housel,houser,housty,Howard,howder,howdie,howkit,howler,howlet,hoyden,hoyman,Hubert,huckle,hugely,hulver,humane,humate,humble,humbly,Humean,humect,humeri,humify,Humist,humite,humlie,humped,humpty,hunger,hungry,Hunker,hunker,Hunter,Hunyak,hurdis,hurdle,hurkle,hurled,hurley,hurted,hurtle,husked,husker,huspil,hustle,Hyades,Hyblan,hybrid,Hydnum,hydria,hydric,hydroa,hydrol,Hydrus,hyenic,hyetal,Hygeia,hygric,hylism,hylist,hyloid,hymnal,hymner,hymnic,hypate,Hypnos,Hypnum,hypoid,Hyrcan,iambus,Ibycus,Icarus,icebox,iceman,Icerya,idlety,idolum,Idotea,idyler,Ifugao,ignore,ignote,Ikhwan,ilkane,imager,imaret,imband,imbark,imbarn,imbrex,imbrue,Imogen,impack,impact,impale,impane,impark,imparl,impart,impave,impawn,impend,impent,impest,implex,impone,import,impose,impost,impreg,impugn,impure,impute,inarch,inblow,inbred,incase,incast,incept,incest,inched,income,incult,incuse,indart,indebt,indole,induce,induct,indult,inface,infame,infamy,infare,infect,infelt,infest,inflex,inflow,influx,infold,inform,infula,infuse,ingate,ingest,Ingram,ingrow,ingulf,Ingush,inhale,inhaul,inhume,inject,injure,injury,inkpot,inlake,inlaut,inleak,inmate,inmost,Inodes,inower,inport,inpour,inpush,inroad,inrush,insack,inseam,insect,insert,inshoe,insole,insorb,insoul,instar,instep,insula,insult,insure,intake,intoed,intube,inured,invade,invert,invest,invoke,inwale,inward,inwork,inwrap,inyoke,iodate,ipomea,ireful,ironly,Isabel,isagon,island,Isleta,isobar,isogen,isohel,Isolde,isomer,isonym,isopag,isotac,Israel,istoke,isuret,Italon,Itaves,itself,Itylus,itzebu,Ixodes,Izchak,jabers,jabiru,jacent,jacker,jacket,Jackye,jacoby,jadery,jadish,jailer,jalopy,Jambos,jangle,jangly,Janice,janker,japery,japing,japish,jarble,jarbot,jarfly,jarful,jargon,jarnut,jarvey,Jarvis,Jasper,jasper,jaudie,jaunce,jaunty,Jayesh,jaypie,Jebusi,jelick,Jerald,jerboa,jerkin,jervia,Jesuit,Jethro,jetsam,Jewdom,Jewish,Jewism,jezail,jeziah,Jhuria,jibman,jigman,jilter,jimply,jingal,jingle,jingly,jinker,jinket,jinkle,jirble,jitney,Jivaro,jobade,jobman,Jochen,jocker,jockey,jocuma,jocund,jodelr,joiner,jointy,jokish,jokist,jolter,jonque,Jonval,Jordan,jordan,Jorist,Joseph,josher,Joshua,Josiah,joskin,jostle,jounce,Jovial,jovial,Jovian,Jovite,jowari,jowery,jowler,jowser,jowter,joyant,joyful,joylet,jubate,Judaic,Judean,judger,Judica,Judith,jugale,jugate,Julian,Julien,Juliet,juloid,jumart,jumble,jumbly,jument,jumper,jungle,jungli,jungly,junior,Junker,junker,junket,jupati,Jurane,jurant,juring,jurist,justen,Justin,justly,Jutish,juvite,kaberu,kabiet,Kabuli,Kabyle,Kachin,kachin,kadein,kaiser,kalium,kalong,kalpis,kamboh,kandol,Kangli,Kanred,Kanuri,kaolin,karite,karmic,kartel,kartos,karyon,kasher,katipo,katmon,katsup,kayles,Keftiu,Kelima,keloid,Keltoi,Kelvin,kelvin,kendir,kendyr,Kentia,kermis,kernos,ketuba,ketupa,khajur,Khamti,khanum,khatib,khatri,khilat,Khitan,Khivan,Khotan,Khowar,kiaugh,kiblah,kibosh,kidlet,kidnap,kidney,Kieran,kilerg,kilter,Kiluba,kimnel,kinase,kincob,kindle,kindly,kingly,kintar,Kiowan,Kioway,kipage,kipsey,Kirman,kirmew,kirsch,Kirsty,kirtle,kishen,kishon,Kislev,kismet,Klaxon,klaxon,klepht,Kluxer,knawel,knifer,knight,knitch,knived,knivey,knower,knurly,knyazi,kobird,Kochab,Kochia,Kodagu,kohemp,Kohlan,Koibal,kojang,kolach,kolsun,Kolush,Komati,Koniga,Konrad,korait,Korean,koreci,koruna,korzec,kosher,kotwal,kotyle,koulan,kowhai,Kpuesi,krelos,Kriton,Kruman,Kubera,kuchen,kudize,Kuhnia,kulang,Kuldip,kulmet,kumhar,kumrah,Kundry,kuphar,kurgan,kurvey,kutcha,kuvasz,Kuvera,kyaung,kylite,kyrine,Kyurin,labefy,labium,labour,labret,labrum,Labrus,labrys,lacery,laches,lacing,lacker,lackey,lacmus,lacrym,lactid,lactim,lacune,ladies,ladify,lading,Ladino,ladkin,laetic,Lafite,lagend,laiose,laking,lakish,lakism,lakist,lamber,lambie,lamedh,lament,lamish,lamnid,lamper,lanced,lancer,lances,lancet,lander,langur,Lanius,lanket,lanose,lanseh,lantum,lanugo,Lapith,lapsed,lapser,lardon,largen,larick,larigo,larine,laroid,larynx,lasher,lasket,lasque,laster,lastre,lathen,lather,latigo,lation,latish,latomy,Latris,latron,lauder,laughy,launce,launch,lauric,Laurie,laurin,Lavehr,lavish,lawing,lawish,lawned,lawner,Lawrie,Lawson,lawter,Lawton,lawyer,laxism,laxist,laxity,laying,layout,leachy,leadin,leafit,learnt,leasow,lector,lecyth,legacy,legato,legion,legist,legman,leguan,Leipoa,lekach,lemnad,lemony,Lemosi,lenard,length,lenify,lenity,Lenora,lentor,lenvoi,lenvoy,Leonid,Leonis,Lepcha,lepric,leptid,Lepton,lepton,leptus,Lesath,Lesbia,lesion,letchy,leucon,Levant,levant,levity,libant,libate,libken,Libyan,licham,lichen,licker,licorn,lictor,lienor,lifter,ligate,lignum,ligure,Ligyda,limbat,limbed,limber,limbus,Limean,limner,Limosa,limose,limous,limper,limpet,limpsy,linage,Linder,linder,linear,linger,lingua,linhay,linked,linker,linous,linsey,linter,lionet,lipase,lipoma,liquor,lirate,Lisbon,lisper,listed,listen,lister,litany,litmus,Litsea,Litvak,livedo,livery,Liyuan,lizard,loaden,loader,loafer,loaner,loathe,lobate,lobfig,lobing,locate,lochan,lochia,lochus,locked,locker,locket,lockup,locust,lodger,lofter,logeum,logium,logman,Logres,Logria,Logris,logway,loined,loiter,lokiec,Lokman,loment,lomita,longer,longue,lontar,loquat,lorate,lorcha,lorica,Lorien,Lorius,losing,lotase,louden,Louiqa,Louisa,Louise,Loukas,lounge,loungy,lourdy,louter,louvar,louver,Louvre,lovage,loving,lowdah,lowder,lowery,lowish,lowmen,lubric,lucban,lucent,lucern,Lucian,lucida,Lucina,Lucite,lucken,luckie,Ludian,Ludwig,luetic,Lugnas,lumbar,lumber,lumine,lumper,lumpet,lunacy,lunare,lunary,lunate,lunged,lunger,lungie,lungis,lunoid,lupine,lupoid,lurdan,Lushai,Lushei,lusher,Lusiad,Lusian,lusory,luster,lustra,lutany,Lutayo,lutein,Luther,luting,lutose,lutrin,Luvian,Luvish,Luwian,luxate,lyceum,Lycian,Lycium,Lycosa,lyctid,Lyctus,Lydian,lydite,Lygeum,Lyncid,Lyraid,lyrate,lyrism,lyrist,lysate,lysine,lyxose,machin,macies,mackle,macled,macron,macule,Macusi,madefy,madnep,maduro,magnes,magnet,Magnus,magpie,maguey,maholi,mahone,Mahori,mahout,maiden,maigre,mailed,mailer,mainly,maizer,Majlis,making,maleic,malfed,malice,malign,maline,malist,malkin,Malope,malter,Malthe,manbot,manche,Manchu,mancus,mandil,manful,mangel,manger,mangle,Mangue,mangue,manify,manioc,manist,manito,Manius,manlet,manque,manred,mantel,manter,mantes,mantic,mantid,mantis,mantle,Mantzu,Manuel,manure,manzil,maquis,marble,marbly,Marcel,marcel,marcid,Marcos,Marfik,Margie,margin,Margot,marine,Marion,Mariou,marish,Marist,Markeb,marked,market,markup,Markus,marled,marlin,Marnix,marque,marshy,martel,marten,Martes,Martin,martin,Martyn,marvel,Marvin,mascot,masdeu,masher,mashie,mashru,masjid,masked,masker,Maskoi,maslin,masque,masted,master,mastic,matchy,mately,mathes,matico,mating,matins,matipo,matlow,matric,matris,matrix,matron,mature,matzos,maudle,mauger,Maugis,mauler,mauley,maundy,maunge,Mauser,Maying,maysin,mayten,mazily,Mbunda,meadow,meanly,measly,meatus,Mechir,medial,Median,median,medico,Medina,medino,Medish,medius,medlar,Medusa,megilp,mehari,mehtar,melano,Melian,Melica,melody,meloid,melosa,melton,menald,Menfra,menhir,menial,Menkar,Menkib,mensal,mental,Mentha,mentor,Menura,mercal,Mergus,meriah,Merida,Merino,merist,merkin,merlin,merlon,Merops,Merton,Merula,mesail,mescal,mesiad,mesial,mesian,mesion,mespil,Mespot,methid,method,methyl,Metoac,metria,metric,meward,Mexica,Mexitl,mezcal,micate,Michel,micher,Mickey,mickle,micron,midget,midleg,midtap,midway,mighty,Miguel,mihrab,mikado,Mikael,milady,milchy,milden,milder,mildew,Miledh,milken,milker,Milner,milner,milord,milsey,milter,Miltos,Milvus,mincer,Mindel,minder,minery,mingle,minhag,minter,minuet,minute,Minyae,Minyas,Mirach,mirach,mirage,miragy,mirate,Mirfak,misact,miscue,miscut,misery,mishap,misken,mislay,misled,mispay,misput,misted,Mister,mister,mistle,mistry,misura,miswed,Mithra,mitral,Mixtec,Mizpah,mnesic,Mnevis,mobcap,mobile,Mobula,mocker,modena,Modern,modern,modest,modify,modish,modist,modius,module,Moghan,moguey,mohair,Mohave,Mohawk,moider,moiety,moiler,moiles,moiley,moisty,moksha,molary,molave,molder,molest,moline,molten,molter,monase,Monday,Monera,monger,mongst,monial,Monias,Monica,monist,monkey,monkly,Montes,Montia,mopane,moping,mopish,morale,morals,morate,morbid,Mordva,Morgan,morgan,morgay,morgen,morgue,morkin,morned,morsal,morsel,mortal,morula,morule,morvin,Mosaic,mosaic,Moschi,mosker,mosque,mostly,mothed,mother,motile,motive,motley,motyka,mouche,moudie,moujik,moulin,moundy,mouser,mousey,mousle,moutan,mouthy,mouzah,movant,moving,mowcht,mowing,mowrah,moyite,mozing,mucago,mucaro,muchly,Mucker,mucker,mucket,muckle,muckna,mucksy,mucoid,mucosa,mucose,mudcap,Mukden,muktar,mulder,muleta,mulier,mulish,mulita,mundic,mundil,mundle,mungey,Munich,munity,munshi,murage,murchy,Muriel,murine,murkly,murlin,murphy,Murthy,musang,muscat,muscid,muscle,muscly,muscot,musery,mushed,musher,mushla,musico,musily,musing,muskat,muskeg,musket,muskie,muslin,musrol,muster,mutage,mutase,mutely,mutiny,mutive,mutsje,Muysca,muzhik,mycoid,mycose,Mydaus,mydine,myelic,myelin,myelon,mygale,Myodes,myogen,myopia,myopic,myosin,myotic,myowun,Myoxus,Myrcia,myrcia,myriad,Myrica,myrica,Myrick,myrtal,myrtle,myrtol,Myrtus,myself,Mysian,mysoid,Mysore,mystax,mystic,mythos,mythus,Myxine,myxoid,myzont,nacket,nacred,naifly,nailer,nakhod,namely,napery,Nardus,Naresh,nargil,Nashim,Naskhi,nasrol,nastic,nasute,nather,Natick,native,Natrix,nature,nauger,naught,Nauset,nautch,nautic,navite,Nazify,Nazism,nearby,nearly,neatly,neback,nebris,nebula,neckar,nectar,nefast,Nepali,Nerita,Nerium,Neroic,nerval,nervid,neshly,Nesiot,Neskhi,Neslia,Nestor,netcha,netful,neumic,neurad,neural,neuric,nevoid,Newari,newcal,newish,nextly,nicely,nicety,nicher,nickel,nicker,nickey,nickle,nidget,nighly,nights,Nilous,nimbed,nimble,nimbly,nimbus,Nimrod,Nipmuc,nipter,nirles,nither,nitryl,niyoga,Noahic,nobley,nocake,nocket,nodiak,nodule,Noetic,noetic,noiler,Nomeus,nomial,norate,Nordic,norite,normal,norsel,Norway,Nosema,nostic,notary,notchy,nother,notice,notify,nougat,nought,novate,Novial,novice,novity,noways,nowhat,nowhit,nowise,noyade,nubile,nuchal,nuclei,nudate,nudely,nudger,nudish,nudism,nudist,nudity,nugify,number,numble,numbly,numdah,numero,Numida,Nuphar,nurhag,nursle,nutmeg,nutria,Nyctea,nylast,nympha,Nyroca,oafish,oaklet,oakweb,oarium,oatbin,oathed,obeism,obelia,obelus,object,objure,oblate,oblige,obtain,obtund,obtuse,obvert,ochery,ochrea,octane,Octans,octary,octave,octine,octyne,ocular,odylic,oecist,oftens,ogaire,ogamic,ogival,ogived,ogrish,ogrism,ohmage,oilcan,oilcup,oilery,oilman,oilway,Ojibwa,Okuari,olamic,oldish,olefin,olenid,Olenus,olfact,oliban,olived,Oliver,olivet,Olneya,omnify,omnist,onager,Oneida,oneism,onlepy,onrush,onside,onward,onycha,onymal,onyxis,opaled,opaque,openly,Ophian,Ophism,Ophite,ophite,Ophrys,opiate,opiner,optics,optime,optive,oracle,orange,orbite,orblet,orcein,orchat,orchel,orchid,orchil,Orchis,ordain,ordeal,oreman,orenda,orexis,orgasm,orgeat,orgiac,orgyia,orient,origan,orlean,Ormazd,ornate,orphan,Orphic,orpine,orthal,orthic,orthid,Orthis,ortiga,ortive,osamin,oscine,oscule,osiery,osmate,osmina,osmund,osprey,osteal,ostein,ostial,ostium,Ostmen,Ostrea,Ostrya,Ostyak,Oswald,otalgy,Othake,Otidae,Otides,oturia,ouster,outage,outask,outawe,outban,outbar,outbeg,outbid,outcry,outfly,outgas,outher,outing,outish,outlaw,outlay,outler,outlie,outlip,outman,outpay,outpry,outrap,outray,outrig,outsay,outsea,outsin,outvie,outwar,ovarin,ovated,ovenly,overby,overly,Ovidae,Ovinae,ovisac,ovular,owelty,Owenia,owerby,owlery,owling,owlish,owlism,oxacid,oxalic,Oxalis,oxamic,oxamid,oxanic,oxbane,oxbird,oxcart,oxhead,oxheal,oxhide,oxland,oxlike,oxreim,oxskin,oxtail,oxygas,oxygen,oxymel,oyster,pacify,packer,packet,packly,pagrus,paigle,pailou,pained,painty,paired,Paiute,pajock,paletz,paling,palish,palmed,palmer,palmus,palter,paltry,pament,pander,pandle,panfil,panful,Pangwe,panisc,panmug,panter,pantie,pantle,pantod,pantry,Panzer,paquet,parcel,parchy,pardon,parent,parget,paries,parify,parine,paring,parish,parity,parkin,parley,parnel,paroch,parode,parody,parole,paroli,parous,parsec,Parsic,parson,parted,partly,parvis,Pashto,pasted,pastel,paster,pastil,pastor,pastry,patchy,patefy,patesi,pathed,pathic,pathos,patine,Patmos,patois,patrin,patrix,patrol,patron,Patwin,paulie,paulin,paunch,pauser,pavier,paving,pavior,pawing,pawner,pawnie,pawnor,paying,paynim,payong,Pazend,peachy,peacod,peanut,pearly,peason,peckly,Pecora,pectin,pectus,pedant,pedary,pedion,pedlar,pegbox,pegman,Peguan,Peitho,Peking,Pelias,pelick,peliom,pelota,peltry,peludo,pelvic,pelvis,pencil,pendom,penful,penial,pensum,pentad,pentol,pentyl,penult,penury,Peoria,Pequot,peract,percha,percid,Perdix,Pericu,period,perish,Perkin,perkin,perlid,permit,Pernis,pernyi,peroba,peroxy,Persic,person,pertly,perula,Pesach,peshwa,petaly,petard,petary,petful,petkin,petrol,pewdom,pewful,pewing,peyotl,peyton,Phaedo,Phajus,phanic,pharos,phasic,Phecda,phemic,phenic,phenol,phenyl,phiale,phizes,phizog,phlegm,Phleum,phloem,phobic,phocal,phocid,pholad,Pholas,phonal,phonic,phoria,phorid,photal,photic,phrase,phrasy,Phryma,phulwa,phylic,phylon,phylum,physic,phytic,phytin,phytol,phyton,piacle,pialyn,Picard,picaro,picary,pickax,picked,picker,picket,pickle,picrol,picryl,picuda,picudo,piedly,Piegan,pielum,piemag,pieman,pietas,pigdan,pigdom,pigeon,pigful,piglet,pigman,pignus,pignut,pigsty,pilage,pilary,Pilate,pileus,pilfer,pilger,pilose,pilous,pimola,pincer,pinche,pinder,pineal,pinery,pingle,pingue,pinjra,pinked,pinker,pinkly,pinole,pintle,pioted,pioury,piquet,piqure,piracy,pirate,piraty,pisang,pistle,pistol,piston,pitchy,pithos,pitman,placer,placet,placid,Placus,plague,plaguy,plaice,plaidy,plaint,planch,planer,planet,planky,plaque,plashy,platch,plated,platen,plater,platic,player,pleach,pleion,plenty,plenum,pleura,plexor,plexus,pliant,pliers,plight,plinth,plisky,plodge,Ploima,plough,plouky,plover,plower,plucky,plumed,plumer,plumet,plunge,plushy,Plusia,plying,pneuma,poachy,Poales,pochay,pocket,podger,podial,podite,podium,podler,podley,Podunk,Podura,poetic,poetly,poetry,pointy,poised,poiser,pokily,poking,pokunt,Polack,polack,polder,poleax,poliad,Polian,police,policy,Polish,polish,polite,polity,polska,polyad,pomace,pomade,pomane,pomate,ponder,pondus,Ponera,ponica,ponier,Pontac,pontal,pontes,Pontic,pontic,pontil,Pontus,poring,porism,porite,porket,portal,ported,Portia,portia,portly,porule,poseur,posing,posnet,postal,posted,poster,postic,postil,potash,potdar,potful,potgun,pother,potleg,potlid,potman,poucer,poucey,pouchy,pounce,pourie,pouser,pouter,powder,powdry,pownie,prabhu,praise,prance,prancy,pranky,pratey,Pravin,prawny,praxis,preach,preact,prebid,precis,precox,precut,preday,prefab,prefix,prelim,premix,presay,presto,pretan,priced,pricks,pricky,priest,primal,primly,Primus,primus,prince,prinky,prisal,prismy,prison,pritch,privet,probal,Procne,profit,progne,prolan,proleg,prolix,promic,pronic,protax,Protea,protea,protyl,proved,proven,prowed,prutah,prying,psalmy,pseudo,psocid,psoric,Psyche,psyche,pteric,Pteris,Ptinus,ptisan,ptyxis,pubian,public,pucker,puckle,pudent,pudsey,Pueblo,pueblo,pugman,puisne,pukish,pukras,Pulian,puling,pulish,pulton,pulvic,pulwar,pumice,punchy,pundit,puneca,pungar,punger,pungey,pungle,Punica,punily,punish,punkah,punkie,punlet,puntal,puntel,punter,puntil,purdah,purely,purfle,purfly,purify,purine,purism,purist,purity,purlin,pursed,purvey,purvoe,pusher,putage,puteal,puther,putlog,putois,putrid,pycnia,pycnid,pyelic,pyemia,pyemic,pyknic,pyrena,pyrgom,pyrite,pyroid,Pyrola,pyrone,Pyrula,Pythia,Pythic,python,pyuria,qintar,quacky,Quader,quahog,quaily,quaint,Quaker,quaker,qualmy,quandy,quarle,quarto,quartz,quashy,quasky,quatch,quatre,quaver,queach,queasy,quelch,quench,quetch,quiapo,Quiche,Quidae,quiles,quince,quinch,quinoa,quinol,quinse,quinsy,quinte,quinto,quinyl,quinze,quirky,quisby,quisle,quitch,quiver,quoits,quoter,quotha,rabies,Rachel,rachis,racily,racing,racism,racist,racket,rackle,radish,radium,radius,radome,raglet,raglin,ragout,ragule,raguly,raised,Rajesh,Rajput,rakily,raking,rakish,rambeh,ramble,rament,Ramesh,ramify,Ramist,Ramnes,ramose,ramous,ramped,ramsch,Ramsey,ramson,ramtil,ramule,Ramusi,rancel,ranche,rancho,rancid,randem,randle,random,ranged,rangey,rangle,Ranjit,ranked,rankle,rankly,ransel,ransom,raphis,rapine,raping,rapist,raptly,raptus,rashly,Rashti,rasion,rasped,rastik,rastle,rathed,ratify,ratine,rating,ration,raucid,raught,raukle,raunge,ravens,ravine,raving,ravish,rawish,rayful,raylet,reachy,reagin,realty,reason,reasty,reatus,reavow,reback,rebait,rebato,rebawl,rebias,rebind,reblot,reblow,reboil,rebold,rebolt,rebulk,rebuoy,rebush,rebusy,recalk,recant,recash,recast,rechal,rechaw,rechip,reckla,reckon,recoal,recoat,recoil,recoin,recomb,recopy,recoup,rectal,rectum,rectus,redact,redaub,redawn,redcap,redfin,redock,redowa,redtab,redtop,reduct,refilm,refind,reflag,reflog,reflow,reflux,refold,refont,refund,regain,regift,regild,region,reglow,regnal,regula,reguli,regush,rehang,rehaul,rehung,rejail,Rejang,rejoin,rejolt,reking,reknit,reknow,relais,relamp,reland,relast,relbun,relick,relict,relift,relink,relish,relist,reload,reloan,relock,relost,reluct,remail,remain,remand,remask,remast,remica,remind,remint,remock,remold,renail,renish,rental,renvoi,renvoy,reomit,repack,repand,repast,repawn,repick,replan,replay,replod,replot,replow,replum,repost,repugn,requin,requit,requiz,resack,resail,resalt,rescan,reship,reshun,reshut,resift,resigh,resign,resina,resing,resink,resiny,reskin,reslay,reslot,resnap,resnub,resoak,resoap,resoil,respan,respin,respot,Restio,restow,resuck,resuit,result,reswim,retack,retail,retain,retalk,rethaw,retial,retina,retold,retomb,retuck,revamp,revolt,rewash,rewind,rewish,rhagon,Rhapis,rhason,rhebok,rheumy,Rhexia,rhexis,rhinal,Rhodes,rhodic,Rhonda,rhumba,rhymic,Rhynia,rhyton,riancy,ribald,riband,Ribhus,riblet,ribose,richen,riches,richly,rickey,rickle,rictal,rictus,rideau,rident,ridgel,rifely,righto,righty,rignum,rigsby,riksha,rimate,rimose,rimous,rimple,rimula,rindle,ringed,ringle,ripely,ripgut,ripost,ripsaw,risque,ritual,rivage,rivose,roband,robing,robust,Rochea,rochet,rocket,Rodent,rodent,rodham,roding,rodlet,rodman,Rodney,rodney,rohuna,Roland,Romaic,Romain,Romaji,Romane,Romany,Romish,Romney,Ronald,roncet,rondel,rondle,ropily,roping,ropish,roquet,roscid,roseal,rosety,rosied,rosily,Rosine,rosiny,rostel,rotang,rotula,rotund,roughy,Rouman,rounce,rouncy,roundy,roupet,roupit,routhy,roving,Rowena,rowing,rowlet,Rowley,Roxane,royale,Royena,rubato,rubied,rubify,rubine,rublis,ruckle,rudely,rudish,rudity,Rudolf,rugate,Rugosa,rugosa,rugose,ruined,Rukbat,ruling,rumble,rumbly,rumkin,rumney,rumpad,rumple,rumply,rundle,runite,runkle,runkly,runlet,runted,runway,rupiah,rupial,rushed,rushen,rusine,ruskin,rustic,rustle,rustly,rutile,rypeck,Rytina,sabicu,Sabine,sabine,sabino,sachem,sachet,sacked,sacken,sacker,sacope,sacque,sacred,sacrum,Sadite,safely,safety,Safine,sagely,sagoin,sailed,sailer,sailor,sairly,sairve,saithe,sakieh,salify,saline,salite,Salmon,salmon,Salome,salted,salten,salter,saluki,salung,salute,salver,salvor,Salwey,sambuk,samekh,samely,samiel,samite,samlet,sample,Samuel,Sanche,sancho,Sander,sander,sandhi,Sandip,sandix,sanely,sangei,sanger,Sangho,Sangir,sanify,Sanity,sanity,Sanjib,santir,sapful,saphie,Sapium,Saponi,sapote,sarcle,sardel,sarkit,sarlyk,sarong,satine,satiny,satire,satron,Saturn,saucer,sauger,saulie,saumon,saurel,Savery,saving,savior,savory,savour,sawder,sawfly,sawing,sawmon,Sawney,sawney,sawyer,Saxony,saxten,saxtie,saying,scabid,scaldy,scaled,scaler,scanty,scapel,scarfy,scarid,scarth,scathe,scavel,scazon,schanz,scharf,Scheat,schema,schemy,scherm,schola,schone,schorl,schout,schuit,schule,schute,scient,sclate,sclera,sclimb,scolex,Scolia,scolia,scopet,scored,scoria,scorny,scoter,Scotia,scotia,scoury,scouth,scovel,scrabe,scrank,scrape,scrapy,scrath,scrawk,scrawl,scrawm,scraze,screak,scream,screwy,scribe,scride,scrike,scrime,scrimp,scrine,script,scrive,scrobe,scrota,scrout,scruft,scrump,scrunt,scruto,scruze,sculpt,scurdy,scurfy,scurvy,scutal,scutel,scypha,scyphi,scythe,sdeath,seadog,sealch,search,sebait,sebkha,secant,secohm,second,secpar,sector,secund,Sedang,seduct,seizor,sejant,sejoin,Sekani,Selago,seldom,seldor,Selina,selion,Seljuk,Selung,Semang,semify,semita,semola,senary,sendal,senior,Senlac,sentry,sepian,sepion,sepium,septal,septan,septic,septum,Sequan,sequin,serail,serang,seraph,serdab,Sergio,Sergiu,serial,Serian,sermon,sertum,serval,Sethic,Setibo,setula,sewing,sexfid,sextan,sextar,sextic,sexton,sextry,sexual,shacky,shader,Shadow,shadow,shafty,shaken,Shaker,shaker,Shakil,Shakti,shakti,shalom,Shambu,shamed,shamer,shamir,Shandy,shandy,shanty,shaped,shapen,shaper,shardy,sharky,sharny,Sharon,sharpy,shauri,shauwe,shaved,shaven,shaver,shawny,sheafy,sheard,Shebat,Sheila,shelfy,shelta,shelty,shelvy,sherif,Sherpa,shevri,shibar,shicer,shield,shifty,shikar,shikra,shilfa,shimal,shindy,shiner,Shinto,shinty,shinza,Shiraz,shirky,shirty,shiver,shivey,shoaly,shoder,shoful,shogun,shoran,Shorea,shored,should,shoval,shovel,shover,shower,showup,shrank,shrave,shrend,shrewd,shriek,shrift,shrike,shrimp,Shrine,shrine,shrink,shrite,shrive,shroud,Shrove,shrove,shrunk,shuler,shumac,Shuvra,sicken,sicker,sickle,sickly,sicula,sidler,Sidney,sifted,sifter,sigher,sighty,signal,signer,signet,signum,Sigurd,sikhra,silage,silane,silent,Siletz,silked,silken,silker,Silpha,silvan,silver,Simeon,simnel,simony,simper,simple,simply,sinder,sindle,sindoc,sindry,sinewy,sinful,singed,singer,singey,Singfo,single,singly,sinker,sinter,sintoc,Siouan,sipage,siphon,sireny,sirpea,sirple,sirupy,Siryan,Sitkan,situal,situla,Sjouke,skance,skater,skeigh,skeily,skelic,sketch,skewly,skimpy,skinch,skirty,skiter,skiver,sklate,sklent,skybal,skyful,skyman,slaker,slangy,slarth,slatch,slater,slaved,slaver,Slavey,slavey,Slavic,slayer,sleazy,sleigh,sleuth,sliced,slicer,slicht,slider,slight,slimer,slinge,slinky,slitch,slithy,sliver,slodge,slogan,sloped,sloper,sloted,slouch,slough,Slovak,sloven,sludge,sludgy,sluice,sluicy,slumpy,slunge,slutch,smarty,smeary,smidge,Smilax,smilax,smiler,smilet,smirch,smirky,smitch,smiter,smithy,smoked,smoker,smouch,smudge,smudgy,smugly,smutch,Smyrna,snaily,snaith,snaker,snaper,snarly,snatch,snathe,snavel,sneaky,sneath,snibel,snifty,sniper,snitch,snithe,snithy,snivel,snodly,snorty,snouch,snouty,snowie,snudge,snugly,snurly,soaked,soaken,soaker,soaper,sobeit,sobful,socage,social,socker,socket,socman,sodaic,sodium,sofane,soften,softly,soiled,solace,solate,Soldan,soldan,solder,solemn,solent,Solera,soleyn,solute,solver,Solyma,Somali,somber,sombre,somite,sompay,sompne,soneri,songle,Sonrai,sontag,Sophia,sophia,sophic,sopite,sorage,sorbic,sorbin,sorely,sorema,sorite,sortal,sorted,sortie,sortly,Sothic,sotnia,sotnik,souari,soucar,souchy,sought,souled,souper,souple,source,soured,souren,sourly,souter,soviet,sovite,sovran,sowing,sowlth,spaced,spacer,spader,spadix,spandy,spanky,sparch,sparge,sparid,sparky,sparth,spathe,spaver,spavie,spavin,spawny,speary,specky,speltz,sperma,spermy,spetch,sphery,sphinx,spical,spiced,spicer,spider,spigot,spiked,spiker,spiler,spilth,spinae,spinal,spined,spinel,spinet,spiral,spiran,spirea,spired,spital,splice,spline,splint,splore,splurt,spoach,spogel,spoilt,Spokan,spoken,spolia,sponge,spongy,sporal,spored,sporid,sporty,spouty,sprack,sprain,sprang,sprank,sprawl,spread,spreng,sprent,sprewl,spried,Spring,spring,sprink,sprint,sprite,sproat,sproil,sprong,sprout,spruce,spruit,sprung,sprunt,spunky,spurge,spydom,squail,Squali,squalm,squame,square,squark,squary,squawk,squdge,squdgy,squeak,squeal,squeam,squint,squire,squirk,squirm,squirt,squoze,stable,stably,staboy,Stacey,stadic,staged,stager,stairy,staker,stalko,stalky,stamen,stamin,stance,stanch,Stanly,stanze,staple,starch,starky,starve,starvy,staver,stayed,stayer,steady,stealy,steamy,Stefan,steigh,stekan,stelai,stelar,stenar,stench,stenog,steric,sterin,Sterna,sterna,Sterno,sterol,Stevan,Stevia,stevia,sticky,stifle,stigma,stigme,stinge,stingo,stingy,stiped,stipel,stiver,stoach,stocah,stocky,stodge,stodgy,stogie,stoker,stolae,stoled,stolen,stolid,stoned,stoner,stoper,storax,storge,stormy,stound,stoury,stoven,stover,stowce,stower,strack,strade,stradl,strafe,straik,strain,strake,straky,stramp,strand,strang,strany,strave,strawy,streak,stream,streck,streng,strewn,striae,strial,strich,strick,stride,strife,Striga,striga,strike,strind,string,stripe,stripy,strive,stroam,strode,stroil,stroke,stroky,strold,stroma,stromb,strome,strone,strong,stroud,stroup,strove,strowd,strown,struck,struma,strung,strych,stuber,stuboy,studia,studio,stumer,stumpy,stupex,stupid,stupor,sturdy,styful,stylar,styler,stymie,Styrax,styrax,styrol,suable,suably,subact,subage,subaid,subdie,subfix,subget,subgit,subgod,Subiya,sublet,sublid,sublot,subman,submit,subnex,suborn,subtle,subtly,subway,sucken,sucker,suckle,suclat,Sudani,sudary,sudate,Suevic,sugamo,sugary,sugent,Suidae,suitor,Sulaib,sulcar,sulker,sulpha,sulpho,sultam,sultan,sultry,sumner,sumper,sumphy,sumpit,sumple,sunbow,sundae,Sundar,Sunday,sundek,sunder,sundew,sundik,sundog,sundra,sundri,sundry,sungha,sunglo,sunket,sunlet,sunlit,sunray,sunway,sunyie,Suomic,supari,supawn,superb,supine,surahi,surbed,surely,surety,surfle,suriga,surnap,surnay,surtax,survey,Sutaio,suther,sutile,sutler,Svante,swager,swaird,swaler,swampy,swangy,swanky,swardy,swarmy,swarth,swarty,swarve,swatch,swathe,swathy,swaver,swayed,swayer,sweath,sweaty,swelth,swelty,swidge,swifty,swiney,swinge,swingy,swiper,swiple,swirly,switch,swithe,swivel,swivet,sycoma,sylvae,Sylvan,sylvan,Sylvia,sylvic,symbol,syndic,syndoc,synema,syntax,Synura,sypher,Syriac,Syrian,syrinx,syrtic,tabefy,tabled,tabler,tables,tabour,Tabriz,tabule,tacker,tackey,tackle,Tadjik,tafwiz,Tagish,tahsil,Tahsin,taigle,tailed,tailer,tailge,tailor,taimen,tairge,taisch,Taisho,taiver,taking,talcer,talcky,talcum,talion,talker,talkie,Talmud,talose,talpid,tamber,tambor,tamein,tamely,tamise,tamper,tampin,tampon,tanbur,tancel,tandem,tandle,tanged,tanger,tangie,tangle,tangly,tangue,tangum,tanier,tanjib,tanked,tanker,tankle,tanrec,tanzeb,tanzib,Taoism,taoyin,Tapiro,tapism,tapoun,Tapuyo,tarboy,tardle,Targum,tarish,tarpon,tarpum,tashie,tasker,Tauric,tauric,Taurid,tauryl,tavern,tavers,Tavghi,tawdry,tawery,tawkin,tawney,tawnle,tawpie,taxine,taxing,Taylor,Tcheka,teabox,teaboy,teachy,teacup,teaish,teaism,teapoy,tecali,Tecoma,tecuma,Tecuna,tedium,tegula,tehsil,tekiah,telang,telary,telium,telson,temiak,Tempyo,tensor,tenuis,teopan,terbia,terbic,tercia,tercio,tergal,tergum,termin,termly,termon,ternal,terpin,tesack,Teucri,thakur,thaler,Thamus,thanks,thapes,Tharen,thawer,Theban,thecal,thecia,Thecla,thecla,theirn,theirs,theism,Themis,themis,thenal,thenar,theody,theory,Theria,thermo,Theron,thingy,thinly,thivel,thixle,tholus,Thomas,Thonga,thongy,thoral,thorax,thoria,thoric,thorny,thouse,thowel,thrack,thraep,thrail,thrain,thrang,thrave,thrawn,thread,threap,thrice,thrimp,thring,thrips,thrive,throck,throne,throng,throve,thrown,Thuban,thujin,thujyl,thulia,thulir,thumby,Thunar,thunge,Thunor,Thurio,thurse,thusly,thwack,thyine,thymic,thymol,Thymus,thymus,Thyris,thyrse,thysel,thysen,ticked,ticken,ticker,tickey,tickle,tickly,Ticuna,tidely,tidley,tigery,tignum,tilery,tilmus,tilpah,tilyer,timbal,timber,timbre,timely,tincal,tindal,tinder,tineal,tinful,tinged,tinger,tingle,tingly,tinguy,tinker,tinkle,tinkly,tinosa,tinsel,tipful,tipman,Tipula,Tipura,tirade,tisane,tizeur,toader,Tobiah,Tobias,tobine,tobira,tocher,tocsin,toecap,togaed,toiled,toiler,tolane,tolsey,toluic,tombac,tombal,tombic,tomial,tomish,Tomkin,tomkin,Tongas,tonger,tongue,tonify,tonish,tonsil,topazy,topeng,tophus,topman,torcel,torfel,tormen,tornal,torney,tornus,torpid,torque,torsel,torula,torvid,tosher,toshly,tosily,toucan,touchy,Toufic,touser,tousle,tously,towage,toward,towery,towing,towkay,towned,towner,townly,towser,toyful,toying,toyish,toyman,Tracey,tragic,tragus,traily,trainy,trance,tranky,trapes,trashy,travel,Travis,travis,travoy,trebly,trench,trepan,trepid,triace,triage,triazo,tribal,tricae,trichy,tricky,triens,trifle,Trigla,trigly,trigon,trigyn,trilby,trimly,trinal,Tringa,trinol,triode,triole,Triops,triose,tripal,tripel,triple,triply,tripod,tripos,trisul,triune,troche,trochi,trogue,troika,Trojan,tromba,trombe,trompe,tropal,trophi,trophy,tropic,tropyl,trough,troupe,trouse,trowel,trucks,trudge,truish,truism,trumph,trunch,trygon,Trying,trying,trypan,tsadik,Tuareg,tubage,tubing,tubman,Tucano,tucker,tughra,tugman,tugrik,tulare,tulasi,tuliac,Tulipa,tulipy,tulwar,tumbak,tumble,tumbly,Tumboa,tumefy,Tumion,tunder,tundra,Tunebo,Tunica,tunish,Tunker,tupelo,Tupian,tupman,turban,turbeh,turbid,turfed,turfen,turgid,turion,turken,Turkey,turkey,Turkic,turkis,turkle,turned,turnel,turney,turnip,Turnix,turnix,turpid,Tursha,tursio,Tuscan,tusche,tushed,tusher,tuskar,tusked,tusker,tuxedo,twangy,twanky,twarly,tweaky,twicer,twiner,twinge,twinly,twirly,twisel,Tyburn,tyking,tylion,tyloma,tylose,tympan,typhia,typhic,typhus,typica,Tyrian,tyroma,tyrone,uberty,ubiety,Uchean,udaler,uglify,Ugrian,Ugroid,ugsome,ulcery,uletic,ulnare,ulster,ultima,ultimo,umbone,umbrae,umbral,umbrel,umbril,umpire,unable,unably,unaged,unarch,unawed,unbait,unbale,unbare,unbark,unbase,unbear,unbelt,unbias,unbled,unboat,unbody,unbold,unbolt,unbred,uncage,uncake,uncalk,uncalm,uncart,uncase,uncask,uncast,uncate,uncave,unchid,uncial,uncite,uncity,unclad,unclay,unclew,unclip,unclog,uncoat,uncoif,uncoil,uncolt,uncoly,uncome,uncope,uncord,uncore,uncork,uncost,uncowl,uncram,uncrib,undark,undate,undeaf,undear,undeck,undeft,undewy,undies,undirk,undock,undoer,undose,undrab,undrag,undraw,uneasy,uneath,unempt,unepic,Unesco,unevil,unface,unfact,unfair,unfast,unfelt,unfile,unfilm,unfirm,unflag,unflat,unfold,unfork,unform,unfoxy,unfret,ungaro,ungear,ungelt,ungild,ungilt,ungird,ungirt,ungive,unglad,ungold,ungrip,ungrow,ungyve,unhaft,unhair,unhard,unhasp,unhate,unhave,unhead,unheal,unheld,unhelm,unherd,unhero,unhide,unhive,unhoed,unhold,unholy,unhome,unhose,Uniate,uniate,unible,uniced,unidle,unidly,Uniola,uniped,unipod,unital,united,uniter,unkept,unkist,unlace,unlade,unlaid,unlame,unlash,unlath,unlead,unleaf,unleft,unlike,unlimb,unlime,unlimp,unlist,unlive,unload,unlock,unlord,unlost,unlove,unmade,unmaid,unmail,unmake,unmask,unmast,unmate,unmaze,unmesh,unmiry,unmist,unmold,unoily,unoped,unowed,unpack,unpaid,unpale,unpark,unpave,unpick,unpile,unplat,unplow,unpray,unprim,unrack,unrake,unrash,unread,unreal,unrest,unrich,unride,unrife,unripe,unrobe,unrope,unrove,unsack,unsafe,unsage,unsaid,unsalt,unseal,unseam,unseat,unself,unshed,unship,unshod,unshoe,unshop,unshot,unsick,unslip,unslit,unslot,unslow,unsoft,unsoil,unsold,unsole,unsome,unsore,unsort,unspar,unsped,unspit,unspot,unstar,unstep,unstop,unstow,untack,untame,unteam,unthaw,untidy,untied,untile,untire,untold,untomb,untrig,untrim,untrod,unveil,unvest,unvote,unware,unwarm,unwarp,unwary,unweal,unweft,unweld,unwept,unwhig,unwhip,unwild,unwily,unwire,unwise,unwish,unwist,unwive,unwomb,unwork,unwrap,unwrit,unyoke,uparch,upbank,upbear,upbeat,upbelt,upbend,upbind,upblow,upboil,upbolt,upbray,upbred,upbrim,upbrow,upcast,upcity,upcoil,upcome,updart,update,updeck,updive,updome,updrag,updraw,upflow,upfold,upgale,upgaze,upgird,upgirt,upgive,upgrow,uphand,uphang,upheal,upheld,uphelm,uphold,upjerk,upknit,uplaid,uplake,upland,uplane,uplead,uplick,uplift,uplimb,upline,uplock,uplong,upmast,upmost,upmove,uprein,uprend,uprest,uprise,uprist,uprive,uproad,uprose,upseal,upsend,upshot,upside,upsoak,upsoar,upstay,upstem,upstir,upsway,uptake,uptear,uptend,uptide,uptorn,uptown,upwaft,upward,upways,upwent,upwhir,upwind,upwith,upwork,upyard,upyoke,uracil,Uralic,uramil,uranic,uranyl,uratic,urbane,urbian,urbify,urchin,ureido,uremia,uremic,uretal,uretic,urgent,urinal,urling,urnism,uronic,uroxin,ursine,ursoid,ursone,Urtica,urtica,usable,usager,usance,usaron,usedly,usednt,ustion,usward,utinam,Utopia,utopia,uzarin,uzaron,vacouf,vadium,vadose,vagile,vagrom,vahine,vainly,valent,valeur,valgus,valine,valise,Valkyr,Valois,valued,valuer,vamped,vamper,vanglo,vanish,Vanist,vanity,vapory,varied,varlet,vastly,vatful,Vaughn,vaulty,vaunty,vectis,vector,Vedaic,vedika,Vedism,Vedist,Veduis,veduis,Vehmic,veinal,velary,Velika,vendor,venial,venomy,venous,ventil,venula,venust,verbal,verbid,verdin,verdoy,verdun,verify,verily,verism,verist,verity,vermin,vermis,vermix,vernal,Verona,versal,versta,veskit,vespal,vespid,vestal,vestry,vetchy,vexful,viable,viator,vicety,Victor,victor,vicuna,vidual,viewly,vimful,vinage,vindex,vineal,vinery,vinose,vinous,vintem,vintry,violer,violet,Vipera,vipery,virago,virent,virgal,virole,virose,virous,virtue,visage,Vishal,Vishnu,vistal,visual,vitals,vizard,vocate,vocule,voguey,voiced,voicer,voider,voidly,volage,Volans,volant,Volcae,volcan,volent,volery,Volsci,volume,volupt,voluta,volute,vomica,vorant,vorpal,vortex,votary,voting,Votish,Votyak,vowely,voyage,voyeur,Vulcan,vulgar,Vulpes,vulpic,wabeno,wacken,wacker,wading,wadset,wafery,wafter,wahine,waikly,wailer,wainer,wairch,wairsh,waiter,waiver,waivod,waking,wakiup,Wakore,waling,walker,walnut,walrus,Walter,walter,wamble,wambly,wample,wampus,wander,wandle,wangle,wankle,wankly,wanter,warble,warbly,Warden,warden,warful,warily,Waring,warish,warmed,warmly,warmth,warmus,warnel,warped,warple,warsel,warsle,warted,washed,washen,washer,washin,waspen,wasted,wastel,waster,watery,Watusi,wauble,waucht,waughy,wauken,waukit,waumle,wauner,wavery,wavily,waving,waxily,waxing,waying,weakly,wealth,Weanoc,weapon,weason,weight,wejack,weldor,Welfic,welkin,Welshy,Wendic,wergil,weskit,whacky,whaler,wharve,whasle,whatso,whauve,whealy,wheaty,whekau,whelky,whenas,whenso,whiles,whilom,whilst,whiner,whinge,whirly,whisky,whited,whiten,whites,whorly,whosen,whyfor,wicked,wicken,wicker,wicket,wickup,wicopy,widely,wieldy,wifely,wifock,wigdom,wigful,wiglet,Wikeno,Wilbur,wilder,Wilmer,Wilson,wilter,Wilton,wimble,wimple,wincer,wincey,winder,windle,windup,winery,winful,winged,winger,wingle,winkel,winker,winkle,winter,wintle,wintry,wirble,wisdom,wisely,wisent,wished,wisher,wishly,wisket,witchy,witful,withal,withen,wither,witjar,witney,wivern,wizard,woader,Wochua,woeful,wogiet,wolfen,wolfer,wolter,wolver,wombat,wombed,womble,womera,wonder,wonted,worble,Worden,wordle,worked,worldy,wormed,wormil,wornil,worsen,worset,worthy,woubit,wounds,woundy,wraith,wrathy,wraxle,wreath,wrecky,wrench,wretch,wricht,wriest,wright,writhe,writhy,wrocht,wroken,wrothy,wumble,wurley,wurmal,wurset,wurzel,wuther,wymote,xarque,xenial,xenium,Xenomi,xeroma,xylate,Xylina,xylite,xyloid,xyloma,xylose,xyster,xystum,Yagnob,yander,yaupon,yawler,yawner,yawper,yaxche,yearth,yeoman,yercum,yetlin,Yildun,ynambu,yochel,yockel,yogism,yogist,yoicks,yoking,Yokuts,yolden,Yoldia,yolked,yonder,Yoruba,youden,yowler,Yuapin,yuckel,yucker,yuckle,Yuechi,Yukian,yuzlik,Zabism,zabtie,zachun,zander,zealot,zechin,Zeguha,Zendic,zendik,zenick,zenith,zephyr,zequin,zeugma,ziamet,zincke,zincky,zincum,zingel,zircon,zither,zoacum,zodiac,zoetic,zombie,zonary,zonate,zonite,zonule,zonure,zoster,Zouave,zounds,Zoysia,zygion,zygite,zygoma,zygose,zygote,zygous,zymase,zymite,zymoid,Zyrian,zythem,Zythia,zythum,almost,amount,answer,basket,branch,breath,bridge,bright,broken,bucket,change,credit,danger,design,detail,enough,family,father,finger,flight,flower,friend,garden,growth,insect,island,market,minute,monkey,mother,muscle,normal,number,orange,parcel,pencil,person,plough,pocket,polish,powder,prison,profit,public,reason,second,silver,simple,sponge,spring,square,sticky,strong,theory,thread,tongue,weight,winter
