abhor,abide,Abies,abilo,abler,ablow,abmho,Abner,abnet,abode,abody,abohm,aboil,abord,abort,about,above,abret,abrim,abrin,Abrus,absit,abuse,abysm,acedy,acerb,Achen,acher,achor,acier,acker,ackey,aclys,acoin,acold,acone,acorn,acred,acrid,acron,Acrux,acryl,actin,acton,actor,acute,adept,adfix,Adiel,adieu,adion,adlet,admit,admix,adnex,adobe,adopt,adore,adorn,adown,adoxy,adoze,adrip,adrop,adrue,adult,adunc,adusk,adust,adzer,aegis,Aequi,aeric,afire,aflow,afore,afoul,afret,Afric,after,agent,Agiel,agile,agist,aglet,agley,aglow,agnel,Agnes,agnus,agone,agony,agrin,agrom,aguey,agush,agust,ahind,ahint,Ahmed,Ahmet,ahong,ahunt,aider,Aides,aimer,aisle,aitch,aizle,akebi,akule,akund,Albin,album,albus,Albyn,Alces,Alcor,alder,aldim,Aldus,Aleck,aleft,aleph,alert,Aleut,alfet,Alfur,Algic,algic,algid,algin,algor,algum,Alice,Alick,Alids,alien,align,alike,Aline,alish,aliso,alisp,alist,alite,alive,Alkes,alkyd,Almon,almon,almud,almug,Alnus,alody,aloed,aloft,alogy,aloid,aloin,Alois,alone,along,alose,aloud,alowe,Alpen,Alpid,alter,altho,altin,altun,Aluco,alure,Alvin,alvus,amber,ambit,amble,ambon,ambos,ambry,amelu,amend,ament,amice,amide,amido,Amigo,amine,amino,Amish,amity,amnic,amoke,amole,among,amort,amour,amove,amper,ample,amply,ampul,ampyx,amsel,amuck,amuse,amuze,amvis,amylo,Andre,angel,anger,Angie,angle,angor,angry,angst,Angus,Anice,anigh,anile,anime,anise,Anjou,anker,ankle,Ankou,ankus,anode,anoil,anole,anoli,anomy,Anous,Ansel,Anser,antes,antic,antre,Antum,anury,anvil,Aoife,Aotes,Aotus,apert,Aperu,apery,aphid,Aphis,aping,Apios,apish,apism,Apium,aport,apout,April,apron,aptly,arche,Archy,archy,Arcos,ardeb,arend,areng,arent,argel,Argid,argil,argol,argon,argot,argue,Argus,Ariel,ariel,Aries,Arion,ariot,arise,arist,arite,Arius,arjun,arles,armed,armet,armil,Arneb,arnut,arock,aroid,arose,arpen,arsle,arson,arsyl,artel,Artie,aruke,Arulo,arvel,arzun,ascon,Ascot,ascot,ascry,asdic,ashen,Asher,ashet,Ashir,Ashur,ashur,aside,asker,askew,askip,aslop,aspen,asper,aspic,aster,astir,astor,Astur,Asuri,aswim,atelo,atmid,atmos,atoke,atomy,atone,atony,atopy,atour,atrip,atule,atune,atwin,audio,audit,Aueto,augen,auger,aught,aulic,auloi,aulos,aumil,auric,aurin,auryl,autem,auxin,avens,avert,Avery,avick,avine,aviso,avoid,awber,awest,aweto,awful,awhet,awhir,awide,awing,awink,awned,awner,awoke,awork,axile,axine,axiom,axion,axite,axled,axoid,ayelp,aylet,ayond,ayont,ayous,azide,azine,azoch,azofy,azoic,azole,azote,azoth,azoxy,Aztec,azure,azury,azyme,bache,Bacis,bacon,badge,badly,Badon,Bagdi,bagel,bagre,bahoe,bahur,bahut,baioc,bairn,baith,baize,bajri,baked,baken,baker,bakie,bakli,baldy,balei,baler,balky,balmy,Balor,balow,Balti,balut,banco,bande,bandi,bando,bandy,bange,banig,banjo,banky,Bantu,banty,bardo,bardy,barge,bargh,baric,barid,barie,baris,barit,barky,barmy,barny,baroi,baron,barse,barth,barye,based,basic,Basil,basil,basin,bason,baste,basto,batch,bated,batel,bater,bathe,batik,Batis,baton,bauch,Baume,bauno,Baure,bavin,bayed,bayok,bayou,beach,beady,beaky,beamy,beano,beant,beany,beard,bearm,beast,beath,beaux,becap,Becky,becry,becut,beday,bedim,bedin,bedip,bedog,bedot,bedur,befan,befit,befog,befop,begad,begar,begat,begay,begin,begum,begun,begut,behap,being,beira,beisa,bejan,bejig,bekah,belah,belam,belar,belay,belch,belga,Belis,below,bemad,beman,bemar,bemat,bemix,bemud,bench,benda,bendy,Benjy,benjy,bensh,benty,benzo,bepat,bepaw,bepun,berat,beray,bergy,berth,beryl,Beryx,besan,besin,besit,besom,besot,bespy,besra,betag,betis,betso,Betsy,bewig,bhalu,bhang,Bhima,bichy,bidar,bider,bidet,bield,bifer,bigha,bight,bigot,Biham,bijou,Bikol,bilch,bilge,bilgy,bilsh,binal,binge,bingo,bingy,biome,biose,Biota,biota,biped,bipod,birch,birdy,birle,birma,birny,Biron,birse,birsy,birth,bison,bitch,biter,biune,Bizen,bizet,black,blade,blady,blain,Blair,blair,Blake,blake,blame,blanc,bland,blank,blare,blart,blase,blash,blast,blate,blaze,blazy,bleak,blear,bleat,bleck,blend,blent,blest,blick,blimp,blimy,blind,blink,blite,blitz,bloat,block,bloke,blore,blout,blown,blowy,bluer,blues,bluet,bluey,blunk,blunt,blurt,blush,blype,board,boast,bocal,Boche,boden,boder,bodge,bodhi,bodle,bogan,bogey,bogie,bogle,bogue,bogum,bogus,bohea,boily,boist,Bolag,bolar,Boldu,boled,bolis,bolti,bolus,bonce,boned,boner,Boney,bonus,bonze,Borak,borak,boral,Boran,borax,borgh,boric,Boris,borne,borty,bortz,boryl,bosch,boser,bosky,bosun,botch,bothy,bouge,bough,boule,bound,bourd,bourg,bourn,bouse,bousy,bovid,bowed,bowel,bower,bowet,bowie,bowla,bowls,bowly,boxen,Boxer,boxer,boxty,boyar,Boyce,boyer,boyla,bozal,brace,brach,brack,bract,Bragi,Brahm,braid,brail,brain,brake,braky,brand,brank,brant,brash,brave,bravo,brawl,brawn,braws,braxy,braze,bread,break,bream,breck,bredi,Brent,brent,breth,breva,Brian,brick,Bride,bride,brief,brine,bring,brink,briny,brisk,brith,Briza,broad,broch,brock,broil,broke,broma,brome,bronc,bronk,Bronx,brose,brosy,broth,brown,Bruce,brugh,bruin,bruit,bruke,Brule,brume,Bruno,brunt,brush,Bruta,brute,Bryan,Bryce,Bryum,buaze,bucko,Bucky,bucky,budge,bugan,bugle,bugre,build,built,buist,Bukat,bulak,bulge,bulgy,bulky,bulse,bumpy,bunce,bunch,Bunda,bundy,Bunga,bungo,bungy,bunko,bunty,bunya,buran,burao,burel,buret,burgh,burin,burka,burke,burly,burnt,burny,bursa,burse,burst,bushi,bushy,busky,butch,Butea,Buteo,butic,butyl,Butyn,butyr,buxom,buyer,bylaw,byous,Byron,bysen,caber,cabin,cabio,cable,cabot,cader,Cadet,cadet,cadew,cadge,cadgy,cados,cadre,cadus,cafiz,caged,cager,cagey,cagit,cahiz,cahot,cahow,caird,cairn,Cairo,Caite,Cajun,cajun,caker,cakey,Caleb,calid,calix,calmy,calor,calve,calyx,camel,cameo,Campe,campo,camus,candy,canel,caner,canid,Canis,canoe,canso,canto,canty,caped,capel,caper,capes,capon,capot,Capri,carbo,cardo,caret,Carex,cargo,Carib,carid,Carlo,carls,carob,Carol,carol,carom,carse,carte,carty,Carum,carve,caryl,cased,Casel,caser,Casey,caste,cater,Cathy,cauld,caupo,cause,cavel,cavie,cavil,cavus,cawky,caxon,cebid,cebil,cebur,Cebus,cedar,cedry,Ceiba,ceibo,Celia,cento,ceorl,cequi,ceral,ceras,ceria,cerin,certy,ceryl,Cetid,cetin,Cetus,cetyl,chafe,chaft,chain,chair,chais,Chait,chalk,champ,Chane,Chang,chang,chank,chant,chaos,chape,chaps,chapt,chard,chare,chark,charm,chart,chary,chase,chasm,chati,Chaui,chauk,chaus,chawk,chawl,Chazy,cheap,cheat,cheir,Cheka,cheki,chela,chelp,chena,cheng,Chera,chert,chest,chevy,chewy,Chiam,Chian,chide,chief,Chien,chien,child,chile,chime,Chimu,china,chine,ching,Chink,chink,chino,chint,Chiot,chips,chirk,chirm,chiro,chirp,Chita,chive,Chloe,chlor,choel,Choes,choga,choil,choir,choke,choky,Chola,chola,chold,choli,chomp,chopa,Chora,chord,chore,chort,chose,choup,chous,chowk,choya,chria,Chris,Chude,chufa,Chuje,chump,chunk,churl,churm,churn,chute,chyak,chyle,chyme,cibol,cider,cigar,cigua,cimex,Cindy,cinel,cista,citer,citua,civet,claim,clamb,clame,clamp,clang,clank,clapt,Clare,Clark,clark,claro,clart,clary,clash,clasp,claut,clave,clavy,clawk,clead,cleam,clean,clear,cleat,cleft,clerk,clift,clima,climb,clime,cline,cling,clink,clint,clips,clipt,clite,clive,cloak,cloam,cloit,clomb,clone,close,closh,clote,cloth,cloud,clour,clout,clove,clown,clump,clung,clunk,Clyde,clyer,clype,cnida,coaid,coaly,coapt,coarb,coast,coati,coaxy,cobia,coble,cobra,Cobus,coder,codex,cogue,Cohen,coign,coiny,coker,Colan,Colin,colin,colza,comal,Coman,comby,comer,comes,comet,comfy,Comid,Comus,conal,coned,coner,cones,conga,conky,conte,conus,copal,copei,copen,coper,copis,copra,copse,copsy,copus,coque,corah,coral,coram,cordy,cored,Corey,corge,corgi,Corin,corke,corky,cornu,corny,corps,corse,corta,coryl,coset,costa,cothe,cothy,Cotys,coude,cough,could,couma,count,coupe,courb,Cours,court,couth,coved,cover,covet,covey,covid,covin,cowal,Cowan,cower,cowle,coxal,coyan,coypu,cozen,craft,Craig,crain,crake,cramp,crane,crank,crape,craps,crapy,crash,crate,crave,cravo,crawl,crawm,craze,crazy,creak,cream,creat,Credo,crena,crept,crepy,crest,creta,cribo,cried,criey,crile,crime,crimp,crine,crink,crisp,crith,croak,Croat,croft,crome,crone,cronk,crony,crosa,croup,crout,crowd,crowl,crown,croze,crude,cruel,cruet,crumb,crump,crunk,crunt,cruse,crush,crust,cruth,crypt,Cuban,cuber,cubit,Cueva,Cujam,culet,Culex,culmy,culpa,cumal,Cumar,cumay,cumin,cumol,cumyl,Cunas,cunye,Cunza,cupay,cupel,Cupid,curby,curdy,curie,curin,curio,curly,Cursa,curse,curst,curve,curvy,cushy,cusie,cutie,cutin,cutis,cyath,cylix,cymar,cymba,cypre,Cyril,Cyrus,cyrus,cyton,Dabih,Dacus,Daijo,daily,dairy,daisy,daker,dakir,daler,damie,Damon,dampy,dance,Danic,danio,danli,darby,Darci,Daren,Dares,Dargo,daric,Darin,darky,darst,darts,Daryl,dashy,dasnt,datch,dater,datil,datum,daube,dauby,daunt,Dauri,daven,daver,davit,dawny,dawut,deair,dealt,deary,deash,death,debar,debit,debus,debut,decal,decan,decap,decay,decil,decoy,decry,decus,decyl,defat,defog,degas,degum,deify,deign,deink,Deino,deism,deist,deity,delay,delft,Delhi,Delia,Delta,delta,demal,demit,demob,Demon,demon,demos,denat,denim,Denis,denty,deota,depas,depoh,depot,depth,derah,derat,deray,Derby,derby,deric,derma,desma,desyl,detar,detax,detin,detur,devil,Devon,devow,dewan,dewax,dheri,dhobi,dhole,dhoni,dhoti,dhoul,dhyal,diact,diamb,Diane,diary,dicer,dicky,dicot,dicta,Diego,dight,Digor,diker,dimer,dimly,Dimna,dimps,Dinah,dinar,diner,dinge,dingo,dingy,Dinka,dinky,dinus,Dione,diose,diota,dioxy,Dipus,Dirca,dirge,dirty,disme,disna,dital,ditch,diter,divan,divel,diver,divot,divus,dizen,djave,Djuka,dobla,dobra,doest,dogal,dogie,dogly,dogma,Dogra,doigt,doily,doina,doing,dolia,Dolph,domal,domba,domer,domic,dompt,Donal,Donar,donax,Donet,doney,donga,Donia,donum,doper,dopey,dorab,doria,Doric,Doris,dorje,dormy,dorts,dorty,doser,dotal,doter,douar,doubt,douce,dough,douse,dover,dowel,dower,dowie,downy,dowry,dowse,Doyle,dozen,dozer,Draco,draft,drago,drail,drain,drake,drang,drank,drant,drape,drate,drawk,drawl,drawn,dream,dregs,dreng,drest,drias,drift,drink,drisk,drive,drogh,droit,drome,drona,drone,drony,dropt,drouk,drove,drovy,drown,drung,drunk,Drupa,drupe,Druse,druse,drusy,druxy,dryas,dryth,duali,Duane,Dubhe,ducal,ducat,duces,duchy,dugal,duhat,dujan,dukhn,Dulat,duler,dulia,dulse,dumba,dumpy,dunal,dunce,dunch,dungy,dunst,duole,duper,dupla,duple,dural,durax,Durio,Duroc,durst,duryl,dusio,dusky,dusty,Dutch,dutch,dutra,duvet,dwale,dwalm,dwang,dwarf,dwelt,dwine,Dwyka,Dyaus,dying,dyker,Dylan,early,earth,ebony,Echis,eclat,ecoid,ectad,ectal,Edgar,edict,edify,Edith,Ediya,Edoni,educt,Edwin,Egypt,eight,Eimak,eking,Ekron,elain,eland,Elaps,elbow,eldin,elfic,elfin,Elian,Elias,Elihu,Eliot,Eliza,Eloah,elops,Elric,elsin,elvan,Elvis,Elymi,embar,embay,embog,embow,embox,embus,Emily,empty,enact,enapt,enarm,encup,endow,enhat,eniac,enjoy,Enoch,enoil,enorm,enray,enrib,enrol,enrut,ensky,entad,ental,entia,entry,envoy,enzym,eosin,epact,ephod,ephor,epoch,Epsom,epulo,equal,equid,equip,erbia,ergal,ergon,ergot,Erian,Erica,Erick,erika,erizo,Ernst,Eruca,eruca,eruct,erupt,Ervum,Erwin,Eryon,eshin,estoc,estop,ethal,Ethan,ethic,ethid,ethos,ethyl,eupad,eusol,evict,exact,exalt,exist,exody,extol,extra,exult,eying,fabes,fable,faced,facer,facet,facks,facty,faden,fader,fadge,faery,fager,fagot,Fagus,fains,faint,fairm,fairy,faith,faker,fakir,Falco,false,fancy,fangy,Fanti,Fanwe,farce,farcy,farde,fardh,fardo,farmy,farse,Farsi,fated,fatil,fatly,faugh,fauld,fault,fause,faust,fauve,favor,favus,fawny,feast,featy,fecal,Fedia,feign,feint,feist,felid,Felis,Felix,felon,felty,Felup,femic,femur,fendy,fenks,feral,feria,Ferio,ferly,ferny,fetal,fetch,fetid,fetor,fetus,feuar,fiard,Fiber,fiber,fibry,fiche,fichu,Ficus,Fidac,Fides,fidge,field,fiend,fient,fiery,fight,filao,filar,filch,filer,filet,filmy,filth,final,finch,finer,Fingu,fiord,fique,firca,fired,first,firth,fishy,fisty,fitch,fitly,fiver,fives,fixed,fixer,fjeld,flack,flair,flake,flaky,flamb,flame,flamy,flane,flank,flare,flary,flash,flask,flavo,flawn,flawy,flaxy,fleam,fleay,fleck,flesh,Fleta,flews,flick,flier,flimp,fling,flint,flipe,flirt,flisk,flite,float,flock,floey,flong,Flora,flora,flory,flosh,flota,flour,flout,flown,Floyd,flued,fluer,fluey,fluid,fluke,fluky,flume,flump,flung,flunk,fluor,flurn,flush,flusk,flute,fluty,flyer,flype,foaly,foamy,focal,focus,foder,fodge,foehn,fogey,fogle,fogus,fohat,Foism,Foist,foist,foldy,folia,folie,folky,fomes,fondu,fonly,foray,forby,force,fordy,forel,forge,forky,forme,formy,Forst,forte,forth,forty,forum,fosie,fotch,fotui,found,fount,foute,fouth,fovea,foxer,foyer,frack,fraid,fraik,frail,frame,franc,Frank,frank,frase,fraud,frawn,frayn,fraze,freak,fream,freck,freit,fremd,Freon,fresh,Freya,fried,Frija,frike,frisk,frist,frith,Fritz,frize,frock,frond,front,frosh,frost,froth,frowl,frown,frowy,froze,fruit,frump,frush,fubsy,fuder,fudge,fudgy,fugal,fugle,Fulah,fulth,Fultz,fulwa,fumer,fumet,fundi,funds,fungi,fungo,funis,Funje,funky,fural,furan,furca,furil,furyl,furze,furzy,fused,fusht,fusil,fusty,futwa,gable,Gadus,gaily,gaine,gains,gaize,Galei,Galen,galet,galey,Galik,galop,gamic,gamin,gamut,ganch,ganef,gansy,gaper,gapes,garce,gardy,gareh,garle,garse,garth,garum,gashy,gaspy,gatch,gated,gater,gator,gauby,gaudy,Gault,gault,gaumy,gaunt,gauze,gauzy,gavel,gawby,gawky,gazel,gazer,gazon,gebur,gecko,geira,gelid,gemot,gemul,genal,genic,genip,Genoa,genom,genos,genro,genty,genua,genus,genys,geoid,geoty,gerah,gerim,gerip,germy,Gesan,getah,Getic,getup,geyan,ghazi,Ghent,ghost,ghoul,giant,gibel,giber,gibus,Giles,gilpy,gilse,gimel,gipon,girba,girly,girny,girse,girsh,girth,gisla,given,giver,givey,glace,glack,glade,glady,glaik,glair,glaky,gland,glans,glare,glary,glaum,glaur,Glaux,glaze,glazy,gleam,glean,gleba,gledy,glent,glide,glime,glink,glint,glisk,gloam,gloat,globe,globy,gloea,glome,glore,glory,glost,glout,glove,gloze,gluck,glued,gluer,gluey,gluma,glume,glump,glyph,gnarl,gnash,gnome,goaty,goave,goban,Gobia,godet,godly,goety,Goldi,Goldy,goldy,golem,golpe,gomer,gonad,gonal,Gondi,goner,gonia,gonid,gonys,goral,goran,gorce,goric,gorse,gorsy,gotch,Gotha,gotra,Gouda,Goudy,goumi,Goura,gourd,gouty,gowan,goyim,goyin,goyle,Grace,grace,grade,graft,grail,grain,graip,grame,gramp,grand,grane,grank,grano,Grant,grant,grape,graph,grapy,grasp,grate,grave,gravy,graze,great,Grebo,grein,Greta,grice,gride,grief,grift,grike,grime,grimp,grimy,grind,gripe,gripy,grist,grith,grits,groan,groat,groin,grope,grosz,grouf,group,grout,grove,grovy,growl,grown,grubs,gruel,Grues,Gruis,grume,grump,grunt,grush,gryde,guaco,guano,guard,Guato,gucki,gudok,guest,guiba,guide,Guido,guijo,guild,guile,guilt,guily,guise,Gujar,gulae,gular,gulch,gules,gulfy,gulix,gulpy,gumbo,gumby,gumly,gundi,gundy,Guran,Guric,gurly,gushy,gusla,gusle,gusto,gusty,guyer,gwely,gwine,gymel,gynic,gyral,gyric,gyron,gyrus,habit,hacky,Hades,hadji,hafiz,haily,haine,haire,hairy,hajib,hakim,haler,halse,halve,hamel,hamus,hance,handy,hange,hanif,hanky,Hanse,hanse,haole,haori,haply,harbi,hardy,harem,Harpy,hasky,haste,hasty,hater,hauld,haulm,haunt,hause,havel,haven,haver,havoc,hawer,hawky,hawok,hawse,Hazel,hazel,hazen,hazer,hazle,heady,heald,heaps,heapy,heart,heavy,hedgy,hefty,heiau,Heinz,helio,helix,Helot,hemad,hemal,hemic,hemin,hemol,hempy,henad,Henry,henry,hepar,Herat,herby,herma,Hermo,heron,hertz,hexad,hexis,hexyl,hiant,hiate,hider,hield,Hienz,hiker,Hilda,hilsa,hilum,hilus,hinau,Hindu,hinge,hiper,Hiram,hired,Hiren,hirse,Hispa,hiver,hives,hoard,hoary,hoast,hocky,hocus,hogan,Hogni,hoick,hoise,hoist,Hokan,hokey,hokum,holer,holey,holia,Homer,homer,homey,honda,honey,hoped,hoper,horal,horde,Horim,horme,horny,horse,Horst,horst,horsy,hosed,hosel,Hosta,hotel,hotly,hound,houri,house,housy,hovel,hoven,hover,howdy,Howea,howel,hoyle,Hsuan,huaco,Huari,Huave,hulky,human,humbo,humet,humic,humid,humin,humor,humpy,hundi,hunks,hunky,hurds,hurly,Huron,huron,hurst,hurty,Husky,husky,hutia,Hybla,Hydra,hydro,hyena,hying,hyleg,hylic,hymen,hynde,hyoid,hyper,hyrax,hyson,Iambe,Ianus,ibota,ichor,ictus,Idaho,idant,ideal,Idean,idgah,idler,idola,idose,idryl,Igdyr,Ihlat,ihram,Ijore,ikona,ileac,ileon,ileum,ileus,image,imago,imban,imbat,imbed,imber,imbue,impar,impel,impen,imply,impot,inapt,inarm,incog,incur,incus,incut,index,Indra,indue,Indus,indyl,inept,inerm,inert,infer,infra,Inger,ingle,ingot,inker,inket,inkle,Inkra,inlaw,inlay,inlet,inoma,inorb,input,inrub,insea,inset,inter,intue,inula,inure,Invar,Iowan,irade,irate,Irena,Irfan,Irgun,Iroha,irone,irony,Irpex,Iseum,Islam,islay,islet,islot,ismal,istle,itchy,itcze,itemy,ither,ivory,Ixora,izard,izote,iztle,jabot,jabul,jacko,Jacky,Jacob,jager,jagir,Jahve,Jaime,jakes,Jakob,Jakun,jambo,James,Jamie,Janet,Janos,jantu,Janus,japer,Japyx,Jared,Jarmo,jasey,Jason,Jatki,Jatni,jaunt,javer,jawed,jeans,Jeany,Jebus,jehup,jelab,jerib,jerky,Jewry,jiboa,jihad,jingo,jinks,jirga,jitro,jocum,jodel,Johan,joint,joist,joker,jokul,jolty,Jonah,Jonas,Jones,Jorge,jorum,joshi,josie,Josip,jough,joule,jours,joust,jowar,jowel,jower,jowly,jowpy,Joyce,Juang,Judah,Judas,judex,Judge,judge,jufti,jugal,juger,juice,juicy,julep,Jules,Julia,julid,Julie,julio,jumba,jumbo,jumby,jumpy,Junco,junta,junto,jupon,jural,jurat,jurel,justo,Jutic,jutka,juvia,Juyas,kabel,Kadmi,kados,Kafir,kafir,kafiz,Kaimo,kalon,Kamel,kande,kaneh,Kanji,kapur,kaput,karbi,karch,Karel,Karen,karou,Karst,karst,kashi,Kathy,Katie,katun,kauri,keach,Kedar,kefir,Kefti,keita,Keith,kelpy,kelty,Kemal,kempt,kempy,kenaf,Kenai,kench,kerat,Keryx,ketal,ketch,ketol,ketyl,Kevan,Kevin,Kevyn,khadi,khair,Khami,Khasi,Khila,Khmer,Khoja,khoja,Khond,Khuai,khula,Khuzi,khvat,kiang,kilah,kilan,kileh,kiley,kinah,Kinch,kinch,Kingu,kioea,Kiowa,kirve,kishy,kisra,kiswa,kitab,Kitan,kitar,kithe,kiver,kiyas,Klaus,Kling,klops,klosh,knape,knave,knead,knelt,knezi,kniaz,knife,knosp,knout,knowe,knurl,Knute,knyaz,koali,koban,Kobus,Koeri,Kogia,Kohen,kohua,koila,Koine,koine,kolea,Kolis,kombu,Konde,kongu,Konia,Korah,Koran,korec,korin,Korwa,kosin,kotal,Kotar,kouza,kovil,koyan,kraft,krait,kraut,kreis,krems,kreng,Krepi,krina,krome,krona,krone,krosa,kudos,Kufic,kugel,Kulah,kulah,Kuman,kumbi,Kumni,kunai,Kunbi,Kurmi,kusam,Kusan,kusha,kusti,kvint,kylix,Kyrie,Kyung,labis,labor,laced,lacer,lacet,lache,lacis,lacto,laden,lader,Ladik,Ladin,laeti,lagen,lager,laich,laigh,laine,laird,lairy,laity,laker,lakie,lamby,lamin,Lamus,Lamut,Lance,lance,laney,langi,Lango,lanky,lanum,lapon,lapse,lapsi,larch,lardy,large,largo,larid,larin,Larix,larky,Larus,larve,laser,lasty,latch,lated,laten,later,latex,lathe,lathy,Latin,latro,latus,laugh,laund,laver,lavic,lawny,lawzy,layer,layne,leach,Leads,leady,leafy,leaky,leant,leapt,learn,leash,least,leath,leavy,leban,ledgy,Ledum,legit,legoa,legua,lehua,Leigh,Leith,lekha,leman,Lemna,lemon,lemur,lenad,Lenca,lench,Lendu,lenis,lenth,lento,Leora,Lepas,lepra,Lepus,lerot,Lerwa,Lesgh,lesiy,letch,letup,leuch,leuco,leuma,Leung,levin,levir,Levis,Lewis,lewis,lewth,lexia,Lhota,liang,liard,Liber,liber,Libra,libra,liesh,lifer,lifey,ligas,light,ligne,liken,liker,liman,Limax,limbo,Limbu,limby,limen,limer,limes,limey,limpy,limsy,linch,Linda,lindo,linea,lined,liner,Linet,linga,linge,lingo,lingy,linha,linja,linje,links,linky,Linos,linty,Linum,Linus,Lipan,litas,litch,liter,lithe,litho,lithy,litra,litus,lived,liven,liver,livor,livre,liwan,loach,loamy,loath,loave,lobar,lobed,lochy,locky,locum,locus,lodge,Lodha,Lodur,lofty,logia,logic,logie,login,lohan,Lohar,loket,longa,longe,longs,loper,loran,lordy,lored,Loren,loric,loris,lorum,loser,lotic,lotus,louch,louey,lough,Louie,Louis,loupe,louse,lousy,louty,lover,lowan,lower,lowth,loxia,loxic,lubra,Lucan,lucet,Lucia,lucid,lucky,lucre,luger,Luian,Luite,Lukas,lumen,lumpy,lunar,lunch,Lunda,lunes,lunge,lungi,lungy,Lunka,Lupid,lupis,lurch,lurid,lurky,lushy,lusky,lusty,Lutao,luteo,luter,Lutra,lyard,lycid,Lycus,Lydia,lying,lymph,lynch,lyric,Lyrid,lysin,lytic,Mabel,macer,machi,macle,Macon,macro,Madge,madly,Madoc,mafic,Maghi,magic,magot,Mahdi,mahoe,Mahri,Maidu,maidy,Maine,mains,maint,maire,Maius,maize,Major,major,maker,maleo,malic,malik,Malto,malty,Malus,Mande,maned,manei,manes,maney,mange,mangi,mango,mangy,manic,manid,Manis,maniu,manly,manoc,manor,manse,manso,Manto,manto,manul,manus,Maori,maple,maqui,March,march,Marci,Marco,marco,mardy,Marek,marge,marid,Marie,Mario,maris,Marko,marli,marly,marok,Marsh,marsh,Marsi,Martu,Marty,mashy,Mason,mason,masty,match,mater,matey,matin,matsu,matzo,maugh,maund,Mauri,mauve,mavis,mawky,maybe,Mayer,maynt,mayor,mazed,mazer,mazic,Mazur,mazut,mbori,Mckay,mealy,meant,meaty,mecon,medal,Media,media,Medic,medic,medio,Medoc,meith,Melas,melch,Melia,melic,melon,melos,Mendi,mends,Menic,mensa,mensk,Merak,Merat,merch,mercy,mergh,meril,merit,merop,meros,mesad,mesal,meshy,mesic,meson,Mesua,metad,metal,metic,Metin,metis,Metol,metra,miaow,miaul,Micah,miche,micht,Micky,micro,Mider,midge,midgy,midst,might,Mikey,Milan,milch,miler,Miles,milha,milky,milpa,milty,minar,mince,miner,mines,minge,Mingo,mingy,minor,Minos,minot,minty,minus,miqra,Mirac,Mirak,mirth,mirza,misdo,miser,misgo,misky,misty,Mitch,miter,Mitra,mitra,mitre,Mitua,mixed,mixen,mixer,Mizar,mobed,moble,Mocha,mocha,modal,model,Mogul,mohar,mohel,mohur,Moira,moire,moise,moist,moity,molar,moldy,moler,Molge,molka,molpe,monad,monal,monas,Monel,monel,moner,money,monte,month,Montu,Monty,Mopan,moper,mopla,mopsy,mopus,Moqui,moral,Moran,morat,moray,Mordv,morel,mores,morga,moric,morin,morne,morph,Morse,morse,morth,Morus,mosey,Mosgu,moste,Mosul,Mosur,moted,motel,moter,motey,mothy,motif,moudy,mould,moule,mouls,mouly,mound,mount,mourn,mouse,mousy,mouth,mover,movie,mowch,mower,mowha,mowie,mowra,mowse,mowth,moyen,moyle,mpret,muang,mucid,mucin,mucky,mucor,mucro,mudar,mudir,mudra,mufti,mufty,Mugil,muist,Mukri,mukti,mulch,mulct,muley,mulga,mulse,munch,Munda,munga,munge,mungo,mungy,Munia,Muong,mural,Muran,Murat,murex,murga,murid,murky,murly,Murph,murva,murza,musal,musar,Musca,Musci,mused,muser,musha,mushy,music,musie,musky,musty,mutch,Muter,mutic,myoid,myope,myops,Myron,myron,mysel,mysid,nable,nacre,nacry,nadir,naght,nagor,Nahor,Nahum,naily,nairy,naish,naive,naked,naker,Nakir,Nambe,namer,Naomi,nares,naric,narky,nasch,nasty,natch,nates,nathe,naumk,navel,navet,navew,nazim,nazir,neath,Negro,negro,Negus,negus,neigh,neist,Nejdi,neoza,Nepal,nervy,nesty,netop,neuma,nevoy,nevus,Newar,newly,newsy,nexal,nexum,nexus,ngaio,ngapi,niche,nicky,Nicol,nidal,nidge,nidor,nidus,Niels,niepa,nifle,nifty,Nigel,night,nigre,nigua,Nihal,nikau,Nilot,Niobe,niota,nitch,niter,nitro,nival,Nizam,nizam,njave,noble,nobly,nodal,nodus,Noemi,Nogai,nogal,noily,noise,noisy,nokta,nomad,nomic,nopal,Norah,noria,Noric,norie,Norma,norma,Norse,Norsk,north,nosed,noser,nosey,notal,notch,noted,noter,notum,Notus,novel,novem,noway,nowed,nowel,noxal,noyau,nubia,nucal,nucha,nudge,numda,nurly,nurse,nursy,Nydia,nymil,nymph,nyxis,oaken,oakum,oared,oaric,oaten,obeah,obley,ocean,ocher,Ochna,ocque,ocrea,octad,octan,octyl,ocuby,odeum,odist,odium,oecus,often,ofter,oftly,ogham,Oghuz,ogive,ogler,ogmic,ohmic,oiled,oiler,okapi,okrug,Olcha,Olchi,olden,older,oleic,olein,olena,olent,Oliva,oliva,Olive,olive,Omani,omber,omega,omina,omlah,oncia,onery,onium,onlay,onset,ontal,opera,ophic,Ophis,opine,opium,optic,orach,orage,Orang,orang,orant,orate,orbed,orbic,orbit,orcin,oread,Oreas,organ,orgia,orgic,orgue,Orias,oriel,Oriya,orlet,ornis,orsel,Ortyx,Oryza,Osage,Oscan,Oscar,oscin,osela,oshac,oside,osier,Oskar,osmic,osmin,Ostic,otary,other,Othin,Otyak,ouabe,ought,Ouija,oukia,oulap,ounce,ounds,ouphe,ourie,outby,outed,outen,outer,outly,outre,ouzel,ovant,ovary,ovate,overt,ovest,ovile,ovine,ovism,ovist,Ovula,ovule,owght,owing,owler,owlet,owner,owsen,owser,oxane,oxfly,oxide,oxime,oxlip,oxman,oxter,Ozark,ozena,Ozias,Pablo,pablo,paced,pacer,Pacht,padge,padle,padre,Padus,paeon,pager,pagus,pahmi,paint,palch,paled,paler,Pales,palet,palmo,palmy,palsy,Palus,palus,Pamir,pandy,paned,panel,pangi,panic,Panos,panse,pansy,panto,pants,panty,Paque,parch,pardo,parel,paren,parge,pargo,Paris,parky,parle,parly,parol,parse,Parsi,parto,party,Parus,Pasch,pashm,pasmo,paste,pasty,pasul,patch,patel,paten,pater,pathy,patio,patly,Patsy,pause,pauxi,paver,pavid,pavis,pawer,pawky,payed,payer,Payni,payor,peach,peaky,pearl,peart,peasy,peaty,peavy,Peban,pecan,pecht,pecky,Pecos,pedal,Pedro,pedro,pedum,pekan,Pekin,pekin,pelon,pelta,penal,penda,pengo,penis,pensy,penta,peony,Perca,perch,Percy,perdu,peril,perit,perky,Perla,perty,Perun,Pesah,pesky,petal,peuhl,pewit,pfund,Phaet,phage,phano,phare,phase,phasm,pheal,Pheny,pheon,phial,phoby,phoca,Phoma,phone,phony,Phora,phose,phyla,phyle,phyma,Physa,piano,Piast,Picae,pical,Picea,picky,picot,picra,picul,Picus,pidan,piend,piety,piezo,pigly,Pigmy,piked,pikel,piker,pikey,pikle,Pilar,pilar,pilau,pilch,Pilea,piled,piler,piles,pilmy,pilon,Pilot,pilot,pilum,pilus,Piman,Pinal,pinax,pinch,pinda,pindy,pined,piner,piney,pinky,pinta,pinte,pinto,Pinus,pinyl,Piotr,pious,Pioxe,pique,pirny,pirol,Pisan,pisay,pisco,pishu,pisky,Pisum,pitau,pitch,pithy,pivot,place,plack,plage,plaid,plain,plait,plane,plang,plank,plant,plash,plasm,plate,platy,plaud,plead,pleat,plebs,pleck,pleny,pleon,plica,plied,plier,plies,Pliny,ploat,ploce,plock,plomb,plote,plouk,plout,pluck,pluma,plumb,plume,plumy,plunk,plush,Pluto,plyer,poach,poche,pocky,podal,podex,podge,podgy,poesy,pohna,poilu,poind,point,poise,Pokan,poked,poker,pokey,Polab,polar,poler,poley,polis,polka,Pomak,pombe,pomey,Ponca,ponce,pondy,poney,ponga,ponja,poral,porch,pored,porge,porgy,Poria,porky,porta,porty,porus,posca,poser,posey,posit,potch,poter,pouce,pouch,poult,pound,pouty,power,prank,prase,prate,prawn,prest,prexy,Price,price,prich,prick,pride,pridy,pried,prima,prime,primy,prine,prink,print,prion,prism,prius,privy,prize,proal,probe,proem,proke,prone,prong,prose,prosy,prote,prove,prowl,proxy,prude,Prudy,prune,prunt,pryse,psalm,Pshav,pshaw,psora,psych,pubal,pubes,pubic,pubis,pucka,pudge,pudgy,pudic,pudsy,pugil,puist,puker,puler,Pulex,pulka,pulse,punch,punct,punga,pungi,Punic,punky,punta,punti,punto,punty,purdy,pured,purga,purge,purse,pursy,putid,pyche,pygal,pylar,pylic,pylon,pyoid,pyral,pyran,Pyrex,pyrex,Pyrus,pyxie,Pyxis,pyxis,quack,Quadi,quail,quake,quaky,quale,qualm,quant,quare,quark,quarl,quart,quash,quasi,quave,quawk,queak,queal,quean,quegh,querl,quern,query,quest,quica,quick,quiet,quila,quilt,quina,quink,quint,quipo,quira,quire,quirk,quirl,quirt,quite,quits,quoin,quoit,quota,quote,quoth,Qurti,rabic,rabid,Rabin,rache,racon,Radek,radio,radix,radon,Rafik,rafty,Raghu,Rahul,rainy,raise,Rajiv,rakit,Ralph,ralph,Rambo,ramed,ramet,ramex,ramie,Ramon,ramus,rance,ranch,Randy,randy,range,rangy,ranid,ranty,raphe,rapic,rapid,rasen,raspy,ratch,rated,ratel,rathe,ratio,rauli,raupo,ravel,raven,ravin,rayed,rayon,reach,react,ready,realm,reamy,reask,reasy,rebag,reban,rebia,rebid,rebop,rebox,rebud,rebus,rebut,rebuy,recap,recon,recta,recti,recto,recut,redan,redia,redig,redip,redly,redox,redub,redux,refan,refit,refix,refly,regal,regia,regin,regma,reify,reign,reina,reins,relap,relax,relay,relic,relot,reman,remap,remit,remix,remop,Remus,renal,renky,reoil,reown,repay,repic,repin,reply,repot,resaw,resay,resin,resow,resty,resun,resup,retag,retan,retax,retch,retia,retin,retip,rewax,rewin,rhamn,rheic,rhein,rhema,Rheum,rheum,Rhina,rhine,rhino,Rhoda,rhomb,rhumb,rhyme,riant,ribat,Ribes,ricey,richt,Ricky,riden,ridge,ridgy,rifle,rifty,Rigel,right,rigol,riley,rimal,rinch,Rinde,rindy,ringe,ringy,rinka,rinse,ripal,ripen,risen,risky,ritzy,rival,rivel,riven,rivet,riyal,roach,roast,Robin,robin,roble,rocky,rocta,rodge,rogan,Rogue,rogue,rohan,rohun,roily,Roist,rokey,Rolfe,romal,Roman,Romic,rompu,rompy,ronde,Ronga,ropes,roque,rosal,rosed,rosel,roset,rosin,Rotal,rotal,rotan,rotch,rotge,Rotse,rouge,rough,rougy,rouky,round,roupy,rouse,roust,route,routh,rovet,rowan,rowdy,rowed,rowel,rowen,rowet,rowty,Roxie,royal,royet,rozum,ruach,Rubia,ruble,ruche,rucky,rudas,rudge,Rugby,ruing,rumal,Ruman,rumbo,rumen,Rumex,rumly,runby,runch,Rundi,runed,runic,runty,rupia,rupie,rushy,Rusin,rusky,rusma,rusot,Rusty,rusty,rutch,rutic,rutin,rutyl,ruvid,rybat,saber,Sabik,Sabir,sable,sably,sabot,sabzi,sacro,sadhe,sadhu,sadic,Sadie,sadly,safen,sagum,sahib,sahme,Saify,saily,saimy,saint,Saiph,sairy,Saite,sajou,Sakel,saker,salep,Salic,salic,Salix,salix,Salmo,salon,salty,salve,salvo,salvy,Sambo,sambo,samel,samen,Samir,sampi,sanct,Sancy,Sandy,sandy,Santo,sapek,sapid,sapin,saple,sapor,Saqib,sargo,sarif,sarip,sarod,saron,sarpo,Saruk,satin,satyr,sauce,saucy,saugh,sauld,sault,saury,saute,sauty,sauve,saved,saver,savin,savor,savoy,sawed,sawer,Saxon,sayer,sayid,sazen,scald,scale,scalp,scalt,scaly,scamp,scant,scape,scare,scarf,scarn,scarp,scart,scary,scaul,scaum,scaup,scaur,scaut,scawd,scawl,sceat,scena,scend,scent,schwa,Scian,scind,scion,Sciot,Sclav,sclaw,scler,sclim,scoad,scoke,scolb,scold,scone,scopa,scope,score,scorn,scote,scouk,scoup,scour,scout,scove,scovy,scowl,scrab,scrae,scrag,scram,scran,scrap,scrat,scraw,scray,screw,scrim,scrin,scrip,scrob,scrod,scrog,scrow,scrub,scruf,scrum,scudi,scudo,scuft,sculp,scurf,scuta,scute,Scyld,Scyth,seamy,seary,seavy,sebum,Sedan,sedan,Sedat,sedgy,Sedum,sedum,segol,Sehyo,seity,Sekar,selah,selva,semic,senam,Senci,sepad,sepal,sepia,sepic,sepoy,septa,Septi,sequa,serab,serai,seral,serau,seraw,Seric,serif,serin,serio,sermo,seron,serow,serta,serum,serut,servo,setal,seton,setup,seugh,sewan,sexly,sexto,shack,shade,shady,shaft,shake,shako,shaku,shaky,shale,shalt,shaly,shame,Shane,Shang,shank,shant,Shape,shape,shapy,shard,share,Shari,shark,sharn,sharp,shaul,shaup,shave,shawl,shawm,Shawn,shawy,sheaf,sheal,Shean,shear,sheat,sheik,shela,sheld,shelf,Shemu,shend,sheng,Sheol,sheva,shewa,shice,shide,shied,shiel,shier,shift,shiko,shilf,Shina,shine,shiny,shire,shirk,shirl,shirt,shita,shive,shivy,shoad,shoal,shoat,shock,shode,shoer,shogi,shoji,shola,shole,Shona,shone,shore,shorn,short,shote,shout,shove,shown,showy,shoya,shrab,shraf,shrag,shram,shrap,shred,shrew,shrip,shrog,shrub,shrug,shuba,shuck,shune,shunt,shure,shurf,Shyam,shyer,sibyl,Sicel,sider,sidhe,sidle,sidth,Siena,Sieva,sievy,sifac,sight,sigla,Sigma,sigma,sikar,siket,silen,silex,silky,silty,silva,simal,simar,Simon,Sinae,sinal,since,sinew,singe,singh,sinky,Sinto,Sintu,Sioux,siper,siren,sirky,siroc,sirup,sitao,sitar,sitch,sithe,Sitka,Sivan,siver,Siwan,sixer,sixte,sixth,sixty,sizal,sizar,sized,sizer,skair,skart,skate,skean,skeif,skein,skelf,skelp,skemp,skewl,skewy,skice,skied,skier,skift,skime,skimp,skirl,skirp,skirt,skite,skive,skoal,skout,skulp,skyre,slack,slade,slain,slait,slake,slaky,slamp,slane,slang,slank,slant,slape,slare,slart,slate,slath,slaty,slaum,Slave,slave,Slavi,sleck,slent,slept,slice,slich,slick,slide,slime,slimy,sline,sling,slink,slipe,slirt,slite,slive,sloan,slock,sloka,sloke,slone,slonk,slope,slopy,slorp,slote,sloth,slour,sloyd,sluer,sluig,sluit,slump,slung,slunk,slurp,slype,smack,smaik,smalt,smart,smaze,smear,smelt,smeth,smich,smile,smily,smirk,smite,smith,smock,smoke,smoky,smolt,smore,smote,smout,smyth,snack,snafu,snail,snake,snaky,snape,snapy,snare,snark,snarl,snary,snath,snead,sneak,sneap,sneck,snerp,snick,snide,snift,snipe,snipy,snirl,snirt,snite,snivy,snock,snoek,snoga,snoke,snore,snork,snort,snout,snowk,snowl,snowy,snuck,snurl,snurp,snurt,soaky,soapy,soary,sober,socht,socky,socle,sodic,sofar,Sofia,softa,softy,soger,soget,soily,soken,solan,solar,solay,soldi,Solea,solea,Solen,solen,soler,solid,solum,solve,Somal,somal,sonar,songy,sonic,Sonja,sonly,Sophy,sophy,soral,sorda,Sorex,sorty,sorva,Soter,sotie,Sotik,sough,souly,sound,soupy,soury,South,south,sowan,sowar,sowel,sower,sowle,sowte,sozin,Space,space,spack,spacy,spade,spaer,spahi,spaid,spaik,spald,spale,spalt,spane,spang,spank,spare,spark,sparm,spart,spary,spate,spave,spawn,speak,speal,spean,spear,speck,spelk,spelt,spend,spent,sperm,spewy,Sphex,Spica,spica,spice,spick,spicy,spied,spiel,spier,Spike,spike,spiky,spile,spilt,spina,spine,spink,spiny,spire,spiro,spirt,spiry,spite,spitz,splat,splay,splet,split,Spock,spode,spoil,spoke,spoky,spole,spong,spore,sport,spout,sprad,sprag,sprat,spray,spret,sprew,sprig,sprit,sprod,sprue,sprug,spuke,spume,spumy,spung,spunk,spurl,spurn,spurt,sputa,spyer,squab,squad,squam,squat,squaw,squib,squid,squin,squit,sruti,stack,Stacy,stade,stage,stagy,staid,stain,staio,stair,stake,stale,stalk,stamp,stand,stane,stang,stank,stare,stark,starn,stary,stauk,staun,staup,stave,stawn,stchi,stead,steak,steal,steam,stean,stech,steid,Stein,stein,stela,stema,stend,steng,steno,steri,sterk,Stern,stern,stero,stewy,stich,stick,stife,stile,stime,stimy,stine,sting,stink,stion,Stipa,stipe,stirk,stirp,stive,stivy,stock,stoep,stoga,stogy,Stoic,stoic,stoke,stola,stole,stoma,stomp,stond,Stone,stone,stong,stony,stopa,stope,store,stork,storm,story,stoun,stoup,stour,stove,Strad,strad,strae,strag,stram,strap,straw,stray,strew,strey,stria,strid,strig,strip,Strix,strix,strom,strop,strow,stroy,strub,strue,strum,struv,stuck,stude,study,stulm,stump,stung,stunk,stupa,stupe,sturk,styan,styca,style,stylo,suade,suant,suave,subah,suber,Subra,sucre,Sudan,Sudic,Sudra,suety,Suevi,sugan,sugar,Sugih,Suina,suine,suing,suint,suite,suity,Sukey,sulea,sulfa,sulka,sulky,sumac,Sumak,sumph,Sunil,Suomi,Supai,super,surah,sural,surat,surfy,surge,surgy,surly,surma,Surya,sutor,sutra,Suyog,Suzan,swack,swage,swain,swale,swami,swamp,Swamy,swang,swank,swape,sward,sware,swarf,swarm,swart,swath,Swati,Swazi,sweal,swear,sweat,swego,swelp,swelt,swept,swerd,swick,swift,swile,swimy,swine,swing,swink,swipe,swipy,swird,swire,swirl,swith,sword,swore,sworn,swung,swure,Sybil,Sycon,sylid,sylph,sylva,synch,synod,Syrma,syrma,syrup,tabes,tabic,tabid,table,tabog,tabor,tache,tacky,tacso,tahil,tahin,taich,taily,Taino,taipo,tairn,taise,Tajik,taken,taker,takin,takyr,taled,taler,tales,talis,talky,talon,taluk,talus,tambo,tamer,Tamil,tamis,Tamul,Tamus,Tandy,tangi,tango,tangs,tangy,tansy,tanzy,tapen,taper,tapir,tapis,tapul,tardy,Tareq,targe,tarie,tarin,Tarmi,taroc,tarok,tarse,tarsi,tarve,tasco,Taube,Tauli,taupe,taupo,Tauri,taver,tawer,Tawgi,tawie,tawny,tawpi,tawse,taxed,taxer,taxis,taxon,taxor,Taxus,tayer,tayir,Tcawi,tchai,Tchwi,teach,teary,teasy,techy,Tecla,tecon,tecum,tegua,Teian,teind,Tejon,tejon,tekya,telar,telic,telyn,Teman,teman,Tembu,temin,tempi,tempo,tenai,tench,tengu,tenio,tenor,tepal,tepid,tepor,terap,teras,terma,terna,terzo,tewly,Texan,Texas,thack,Thais,thane,thank,tharf,tharm,thave,thawn,thawy,theca,thegn,their,thema,theow,therm,thewy,thick,thief,thilk,thine,thing,Think,think,thiol,third,thirl,thisn,thoke,thole,tholi,thone,thong,thore,thorn,thorp,Those,those,thram,thrap,thraw,Thrax,threw,thrip,throb,throe,throu,throw,thrum,thruv,Thuan,Thuja,Thule,thulr,thumb,thump,thung,thuoc,thurl,thurm,thyme,tiang,tibey,tical,ticer,ticky,ticul,tidal,tiger,Tigre,Tigua,tikor,tikur,Tilda,tilde,tiled,tiler,timar,timbe,timbo,timed,timer,times,Timne,Timon,timon,timor,tinea,tined,tinge,tiple,tipsy,tired,tirma,tirve,tisar,tiver,Tiwaz,tlaco,toady,today,Todea,Todus,togue,toher,toise,Tokay,tokay,token,tolan,toman,Tomas,tombe,tomin,tonal,toned,toner,Tonga,tonga,tongs,tonic,tonus,topaz,toper,topia,topic,topsl,Topsy,toque,torah,toral,toran,torch,tored,toric,torma,torse,torsk,torus,torve,toshy,touch,tough,tould,tourn,touse,tousy,Tovah,tovar,towai,towan,towel,tower,towny,toxic,toxin,toyer,tozer,trace,track,Tracy,trade,trady,tragi,traik,trail,train,trame,tramp,trank,traps,trash,trasy,trave,trawl,tread,Trema,trend,trews,triad,trial,Trias,tribe,trica,trice,trick,tried,trifa,trike,trine,trink,tripe,tripy,Trixy,Troad,troca,trock,trode,trogs,Troic,troke,tromp,trona,tronc,trone,trope,trove,truce,truck,Trudy,truly,trump,trunk,trush,tryma,trypa,tsine,tsuba,tsubo,Tsuga,Tsuma,tuarn,tubae,tubal,tubar,tuber,tubig,tubik,tucky,tudel,Tudor,tufan,tuism,tukra,tulip,tulsi,tumid,tumor,tunca,tuned,tuner,Tunga,tungo,tunic,tupek,tupik,Turbo,turbo,Turco,turco,turfy,turgy,turio,Turki,turma,turns,turps,turse,tusky,Tuzla,twain,twale,twang,twank,tweag,tweak,tweil,twerp,twice,twick,twine,twink,twiny,twire,twirk,twirl,Tyche,tydie,Tyigh,tying,tyken,Tyler,tylus,typal,typer,Typha,typic,uayeb,uckia,udasi,Udish,Ugric,uhlan,uinal,Uinta,ukase,ulcer,ulema,ulmic,ulmin,ulnad,ulnae,ulnar,uloid,ultra,Ulvan,umbel,umber,umble,Umbra,umbra,umiak,umpty,unact,Unami,unamo,unapt,unark,unarm,unary,unbag,unbar,unbay,unbed,unbet,unbid,unbit,unbog,unbow,unbox,unboy,uncap,uncia,uncle,uncoy,undam,under,undig,undim,undog,undry,undye,unfar,unfed,unfew,unfit,unfix,unget,ungka,ungod,ungot,unhad,unhap,unhat,unhex,unhid,unhit,unhot,Uniat,uniat,unice,unify,unite,unity,unjam,unked,unket,unkey,unkid,unlap,unlaw,unlay,unled,unlet,unlid,unlie,unlit,unmad,unmet,unmew,unmix,unode,unoil,unold,unpeg,unpot,unram,unray,unred,unrid,unrig,unrip,unrow,unsad,unsay,unset,unsew,unsex,unshy,unsly,unsty,untap,untar,untax,untie,until,untop,unwax,unweb,unwed,unwet,unwig,uparm,upbar,upbay,upbid,upcry,updry,upeat,upend,upfly,upget,upher,upjet,uplay,upleg,upmix,uprid,upset,upsey,upsit,uptie,upwax,upway,urali,urase,urate,Urban,urban,urbic,ureal,Uredo,uredo,ureic,ureid,Urena,urent,Uriah,urial,Urian,Uriel,urine,urite,urled,urman,urnae,urnal,ursal,Ursid,urson,usage,usent,Ushak,usher,Usnea,usnea,usnic,uster,utchy,uteri,utick,utile,uvate,uveal,uviol,uvito,Uzbak,Uzbeg,Uzbek,vache,Vadim,vague,vagus,vaire,vairy,vakil,valet,valid,Valmy,valor,valse,value,Vance,vaned,Vanir,vapid,vapor,vardy,varec,varix,varus,vasty,vatic,vaudy,vault,vaunt,vealy,Vedic,vedro,veily,veiny,Vejoz,velar,veldt,velic,velum,venal,venom,Venus,verby,vergi,Verpa,verso,verst,Vespa,Vesta,vetch,vexil,viand,vibex,vicar,Vicky,video,vidry,Vidua,vidya,viewy,vifda,vigor,vijao,Vijay,vimen,vinal,Vince,vinea,vined,viner,Vinod,vinta,vinyl,viola,viper,viral,vireo,virga,Virgo,viron,virtu,virus,visne,vison,visor,vista,visto,vital,vixen,Vlach,vocal,vodka,vogue,Vogul,voice,voile,volar,volet,Volta,vomer,vomit,votal,voter,vouch,vouge,Vouli,vowed,vowel,vower,vraic,vying,wacke,wacky,wader,wafer,wafty,waged,wager,wages,wagon,waily,waird,waise,waist,waive,waken,waker,wakes,Wakhi,wakif,wakon,waled,Waler,waler,walsh,walth,waltz,wamel,wamus,wandy,waned,wanle,wanly,wanty,warch,warly,warnt,warse,warst,warth,warty,warve,Wasco,wasel,Washo,washy,Wasir,wasnt,waspy,waste,wasty,watch,water,wauch,waugh,wauns,wauve,waved,waver,wavey,waxen,waxer,Wayne,Wazir,weaky,weald,weary,wecht,wedgy,wefty,weigh,weird,weism,wekau,Welsh,welsh,wench,Wendi,Wendy,westy,wetly,whack,whale,whalm,whalp,whaly,whame,whamp,whand,whang,whank,whare,wharf,wharl,wharp,whart,whase,whats,whauk,whaup,whaur,wheal,wheam,wheat,wheft,whein,wheki,whelk,whelm,whelp,whiba,whick,whift,while,whilk,whils,whine,whing,whiny,whipt,whirl,whisk,whisp,whist,white,whits,whity,whole,whone,whore,whorl,whort,whose,whulk,whute,wicht,wicky,widen,width,wield,wigan,wight,wilga,wince,winch,windy,wined,winer,wingy,winly,winze,wiper,wired,Wiros,wisen,wiser,wisha,wisht,wispy,wiste,witan,witch,withe,withy,wiver,Wiyat,Wiyot,wizen,wloka,woady,woald,wodge,wodgy,woibe,wokas,woldy,wolve,woman,womby,wonga,wonky,wordy,works,worky,world,wormy,worse,worst,worth,wouch,wough,would,wound,woven,wrack,wramp,wrang,wrath,wreak,wreat,wreck,wrest,wrick,wride,wried,wring,wrist,write,writh,wrive,wroke,wrong,wrote,wroth,wrung,wudge,wyson,wyver,xenia,Xenos,xenyl,xeric,Xerus,Xicak,Xinca,xurel,xylan,xylem,Xylia,xylic,xylon,xyrid,Xyris,xysti,yacht,yaird,yakin,Yakut,Yamel,yamen,Yameo,yamph,yapok,Yaqui,yarke,yarth,Yasht,yauld,yeard,yearn,yeast,yerba,yerga,yerth,Yezdi,ygapo,yield,yince,yinst,yirth,yodel,yogin,yoick,yojan,yokel,yoker,yomer,Yomud,young,yourn,yours,youse,youth,youve,youze,yoven,yowie,Yquem,Yuchi,yulan,Yuman,Yunca,Yurak,Yurok,yurta,zabti,zambo,Zande,zante,Zapus,Zaque,zayin,zebra,zeism,zeist,zemni,zerda,Zerma,zesty,Zhmud,zibet,ziega,zihar,zinco,Zirak,zloty,zoeal,zogan,Zohak,zoism,zoist,zombi,zonal,zonar,zoned,zonic,Zonta,Zoque,zoril,Zosma,zowie,zygal,zygon,zymic,zymin,about,after,among,angle,angry,basin,birth,black,blade,board,brain,brake,bread,brick,brown,brush,burst,cause,chain,chalk,cheap,chest,chief,clean,clear,cloth,cloud,cough,cover,crime,cruel,crush,curve,death,dirty,doubt,drain,drink,early,earth,equal,false,field,fight,first,fixed,flame,force,frame,front,fruit,glove,grain,great,group,guide,heart,horse,house,judge,knife,laugh,light,match,metal,mixed,money,month,mouth,music,night,noise,north,other,owner,paint,paste,place,plane,plant,plate,point,power,price,print,prose,quick,quiet,quite,range,ready,right,rough,round,scale,screw,shade,shake,shame,sharp,shelf,shirt,shock,short,skirt,slope,smile,smoke,snake,solid,sound,south,space,spade,stage,stamp,steam,stick,stone,store,story,sugar,table,thick,thing,thumb,tired,touch,trade,train,trick,under,value,voice,waste,watch,water,while,white,woman,wound,wrong,young
