abdomen,abhenry,abigeus,abiston,abiuret,abjoint,abjudge,abluent,abolish,abomine,aborted,abortin,abortus,abridge,abscind,abscond,absolve,absorpt,absvolt,aburton,abusion,abusive,acerdol,acerous,aceship,acetify,acetoin,acetous,aciform,acinose,acinous,aciurgy,Aclemon,acolyte,aconite,acorned,acquest,acquire,acquist,acridly,acridyl,acrinyl,acritol,Acrodus,acrogen,acronym,acronyx,Acubens,acutely,acutish,acyloin,adeling,Adelops,Adelphi,adermin,adevism,adinole,adipose,adipous,adjiger,adjoint,adjourn,adjunct,adonite,adonize,adopter,adoulie,adrowse,adsmith,adulter,adviser,advisor,Aeolism,Aeolist,aeonist,aerobic,aerobus,aerogun,Aesopic,aflight,aflower,aftergo,agendum,agentry,ageusic,agistor,aglucon,Agnoite,agonied,agonist,agonium,agonize,Agrilus,Agrotis,aground,Agudist,Agyieus,agynous,ahungry,aileron,ailment,ailsyte,airdock,akepiro,akindle,Alberto,Albireo,albumen,albumin,alchemy,alchimy,Alcyone,Alebion,alecost,alembic,Aletris,Aleutic,Alexius,Algenib,algesic,algetic,Algomic,Algores,aliency,alienor,aliform,aligner,aliment,alimony,aliptes,aliquot,Alister,aliunde,almique,almoign,almondy,almoner,almonry,almuten,alnoite,alodium,aloetic,alogism,alongst,Aloxite,alphorn,alquier,alright,althein,althorn,altrose,alumine,alumish,alumite,alunite,ambiens,ambient,ambitus,ambling,ambrein,ambrite,ambroid,Ambrose,ambrose,amenity,Amerind,amicron,amidoxy,Amiloun,Amintor,Amishgo,amnesic,amnesty,amniote,amoebic,amoebid,amongst,amorist,Amorite,amorphy,Ampelis,amphide,Amphion,amphore,amplify,ampoule,amusing,amusive,amuyong,amyelic,amyloid,amylose,anchovy,Ancylus,Andesic,Andries,anergic,aneroid,Anethum,aneuric,angelic,angelot,Angelus,angerly,angeyok,Anglify,Anglish,Anglist,angloid,angrily,angrite,angster,anguish,anights,animous,anisole,anisoyl,anither,anodize,anoetic,anolyte,anomite,anorexy,anosmic,another,antefix,anthemy,anthoid,anthrol,anthryl,anticly,anticor,anticum,antigod,antihum,Antiope,antique,antired,antoeci,antship,Antwerp,antwise,anxiety,anxious,anywise,aortism,apeiron,apeling,apertly,aphemic,aphetic,aphides,aphodus,aphonic,aphotic,aphrite,aphyric,apishly,apitong,aplenty,apogeic,apogeny,apostil,apostle,apothem,apricot,Apteryx,apyrous,aquifer,aquiver,arbutin,archeus,archfoe,archgod,arching,archive,archont,archsin,archspy,arcking,Arctium,arctoid,ardency,ardoise,arenoid,argenol,Argiope,argolet,Argolic,Argolid,argotic,arienzo,Aristol,arkosic,armbone,Armenic,armhole,armscye,Aroides,arolium,arsenic,arsenyl,arshine,arsoite,arsonic,Artemis,article,artlike,arustle,asbolin,asclent,ascribe,ascript,Ascyrum,aseptic,aseptol,ashiver,ashling,ashwort,asiento,asinego,asklent,Aspredo,aspring,asprout,asquint,asquirm,astelic,asterin,astheny,asthore,Astilbe,astilbe,astound,astride,astrild,astroid,asunder,atebrin,atechny,Atenism,ateuchi,atheism,athenor,atheous,Atheris,athrive,athrong,athymic,athyrid,Athyris,atingle,atinkle,atomerg,atomics,atomize,atrepsy,atresic,atrophy,atropic,atumble,aubrite,auchlet,auction,audible,audibly,audient,auditor,augment,auletic,auntish,aureity,auricle,aurochs,auspice,auspicy,Austric,autoecy,autonym,autopsy,Autosyn,auxetic,avenous,Avernus,Avertin,avidous,avodire,avoider,awnlike,axfetch,axiform,axstone,Axumite,Ayubite,Azimech,azimuth,azofier,azonium,azophen,azorite,azotine,azoxime,azoxine,azulite,azulmic,azumbre,azurine,azurite,azygous,azymite,azymous,backing,backlet,backlog,backrun,backset,baconer,Bactris,badious,baetuli,Bagheli,baglike,bagonet,bagworm,baignet,bairnly,baister,bakerly,balcony,baldish,baldric,Baldwin,balmony,baloney,balteus,Baluchi,Bandhor,bandlet,bandore,bandrol,baneful,bangled,banjore,banjuke,banquet,bantery,Bantoid,Banyuls,baptism,baptize,bardily,barding,bardish,bardism,bardlet,barefit,barfish,barking,barling,barlock,barmkin,barmote,barnful,baronet,Baroque,baroque,Barotse,Barouni,barpost,Barundi,barwise,barytes,barytic,baryton,bascule,basenji,bashful,Bashkir,bashlyk,basined,basinet,Basoche,basqued,bastide,basting,bastion,batcher,batfish,batfowl,bathing,bathmic,batiker,batlike,batling,batwing,bauchle,bauckie,bausond,bauxite,bawdily,baxtone,baylike,bayonet,beadily,beading,beadrow,beakful,bealing,beamful,beamily,beaming,beamish,beancod,beardom,bearing,bearish,beastly,beatify,beating,Beatrix,beaufin,beauish,beauism,bechalk,becharm,bechirp,beclang,beclart,beclasp,becloak,becloud,beclout,beclown,becramp,becrawl,becroak,becrowd,becrown,becrush,becrust,bedfast,bedgown,bedight,bedikah,bedirty,Bedouin,bedpost,bedrail,bedrift,bedrock,bedrown,bedsick,bedsock,bedtick,bedunch,bedwarf,bedways,befancy,befavor,befilch,befilth,beflour,beflout,begaudy,Beghard,begonia,begrain,begroan,begrown,beguard,Belgian,belight,Belinda,belonid,Beltian,belting,beltman,Beluchi,Belucki,belying,bemoult,bemouth,Benacus,benasty,Bengali,Bengola,benight,benmost,benorth,benthal,benthic,benthos,benward,benzoic,benzoid,benzoxy,benzoyl,Beothuk,Beowulf,Bepaint,beparch,bepinch,beprank,bequalm,Berchta,Bergamo,bergylt,Bermuda,Beroida,beround,berycid,besaint,bescarf,bescorn,bescour,bescurf,beshlik,beshout,bespawl,besplit,bespout,bespray,bestain,bestamp,bestial,bestick,bestink,bestock,bestorm,bestraw,bestuck,besugar,beswarm,bethink,bethump,Betoyan,betrail,betrunk,betulin,bevomit,bewitch,beyship,bezanty,Bhotiya,Bhowani,Bhutani,biarchy,bicetyl,bichord,bickern,bicorne,bifocal,bifront,bighead,bighorn,bigoted,bigotry,bilders,bilsted,biltong,bimasty,bimodal,bindery,bindlet,binocle,binodal,biodyne,biogeny,bioherm,biorgan,biotaxy,biotype,biparty,bipedal,biphase,biplane,bipolar,biprong,birchen,birdlet,birdman,bismuth,bispore,bitumed,bitumen,biurate,bivocal,bivouac,bizonal,blacken,blacker,blackey,blackie,blackit,blading,bladish,blaming,blanked,blanket,Blankit,blanque,blarney,blarnid,blasted,blaster,blastid,blastie,blather,blawort,blazing,blemish,blendor,blewits,blickey,blighty,blinder,blinked,blinker,blinter,blintze,blister,blithen,blither,bloated,bloater,blocked,blocker,blodite,blotchy,bloused,blowgun,blowing,blowzed,blucher,bluecap,blueing,bluetop,blunder,blunger,blunker,blunter,bluntie,blusher,bluster,boardly,boarish,boaster,boatful,boating,boatlip,Bochism,bocking,bodeful,bodgery,bogland,bogmire,bogyism,Bohemia,boilery,boldine,Boletus,bolivar,Bolshie,bolster,boltage,bolting,bonaght,bondage,bonfire,bonzery,bopyrid,Bopyrus,bordage,boregat,Boreiad,boreism,borlase,bornite,borscht,bortsch,boscage,Bosniac,Bosniak,bostryx,botanic,botched,botcher,botchka,Bothnic,bothway,botulin,bouchal,boucher,boughed,boulder,boulter,bouncer,bounder,boundly,boutade,Bovidae,Bovista,bowhead,bowkail,bowlike,bowline,bowling,boxfish,boxhaul,boxhead,boxlike,boylike,boyship,brachet,bracing,bracken,bracket,bracted,Bradley,bradsot,bragite,Brahmic,Brahmin,brainge,branchi,branchy,brangle,brankie,bransle,brasque,bravely,braving,bravish,brawlys,brawned,breachy,breadth,breakup,breathy,brecham,brephic,brevity,brewing,brichen,brickel,bricken,brickle,brickly,bricole,bridale,bridely,Bridget,briefly,brigade,brigand,brimful,bringal,brinjal,brioche,brisken,brisket,briskly,brisque,bristle,bristly,Bristol,britska,broaden,broadly,brocade,brochan,brocked,brocket,brockle,broigne,brokage,broking,bromate,Bromian,bromide,bromine,bromite,Bromius,bromize,bronchi,bronzed,brotany,brothel,Brotula,brought,browden,browman,brownie,brownly,brucina,brucine,brucite,bruckle,brulyie,brushed,brushet,brustle,brutage,brutely,brutify,bruting,brutish,brutism,Bryales,Bryonia,Brython,Buceros,buchite,Buchloe,buckety,bucking,buckish,buckled,buckler,buckpot,buckram,bucksaw,bucrane,budlike,budmash,budtime,budworm,bufagin,bugfish,bughead,bugwort,builder,buirdly,bulchin,Bulgari,bulkish,bultong,bulwand,bulwark,Bumelia,bumicky,bumpily,bumping,bumpkin,bumtrap,buncher,Bundeli,bundler,bundlet,bungler,bunkery,buoyage,buoyant,burdock,burfish,burgeon,burghal,burhead,burmite,burnish,bursate,burying,buscarl,bushily,bushing,bushlet,Bushman,bustard,bustled,bustler,Busycon,busying,butanol,butcher,butenyl,butlery,butoxyl,butylic,butyral,butyric,butyrin,buxomly,Buyides,bycoket,byepath,byreman,Byronic,Bysacki,bywoner,cabezon,cabinet,cabling,cadbote,cadgily,cageful,Cahnite,cairned,cajeput,cajoler,cakebox,caldron,calends,calepin,calfish,caliber,calibre,calinut,caliper,caliver,calking,calorie,caloris,caloyer,caltrop,calumet,calumny,calvish,calvity,calvous,Calydon,Calypso,calypso,cambist,cambrel,cameist,Camelid,camelry,Camelus,camphol,camphor,Campine,campion,campody,camused,candier,candify,Candiot,candiru,candler,candroy,cangler,cankery,Canopus,canthus,cantily,cantish,cantred,cantref,cantrip,capelin,caphite,Caphtor,Capitol,capmint,capreol,caprine,caproin,caprone,caproyl,capsize,capsule,caption,captive,capture,capulet,capulin,carbide,carbine,carboxy,carding,Cardium,careful,caribou,cariole,carious,carking,carkled,carline,carling,carlish,Carlism,Carlist,Carmine,carmine,carneol,carnify,carnose,carnous,carolin,carolus,Carolyn,carotid,carotin,carouse,carpent,carping,carpium,carshop,Carsten,cartful,carving,carvone,casebox,caseful,cashbox,cashboy,Cashibo,cashier,casking,casqued,casquet,casting,castled,castory,castrum,castuli,Casziel,catbird,catfish,cathine,cathion,cathode,cathole,Cathrin,Cathryn,catlike,catling,Catoism,catskin,catvine,catwise,cauboge,cauline,Caulite,caulome,caulote,causing,cautery,caution,cautivo,caviler,cavings,cedrium,Celadon,celadon,Celosia,celsian,Celtdom,Celtish,Celtism,celtium,cembalo,censual,centaur,centavo,centiar,centimo,centrad,central,centrum,century,cerasin,ceriman,ceriops,cerotin,certain,Certhia,certify,cervoid,Cestida,Cestoda,cestoid,Cestrum,cestrum,Cetonia,Chablis,chabouk,chafery,chafted,chagrin,chained,chainer,chakobu,chalder,chalker,chalmer,chalone,Chalons,chalque,chalutz,chamber,chambul,chamfer,chamiso,Chamite,chamite,chamois,champer,chandul,changer,Changos,chanter,chantey,chantry,chaplet,chapter,charbon,charily,chariot,charism,charity,Charles,Charley,Charlie,charmel,charnel,charpit,charpoy,charqui,chasing,chasmed,chasten,Chatino,chayote,cheaply,Chekist,Chelura,chemist,Chemung,chervil,Cheviot,chevron,chewink,chibouk,chiefly,Chilean,Chilkat,chiloma,chilver,Chimane,chimble,chimera,chimney,chingma,chinker,chinkle,chiplet,chitose,chlamyd,chlamys,choenix,chogset,choiler,Choisya,chokage,choking,cholane,cholate,cholera,choline,chondre,Chontal,chopine,choragy,chordal,choreal,choregy,choreus,chorial,chorine,chorism,chorist,chorten,chortle,Chorwat,chouser,chowder,chrisma,chrisom,Chrobat,chromid,chromyl,chronal,chrysal,chrysid,chrysin,Chumawi,chunari,chunter,churled,Churoya,chutney,chyloid,chylous,chymase,chymous,chytrid,Chytroi,Cibolan,Ciboney,ciboule,cindery,Cipango,ciruela,cistern,Cistudo,citable,citadel,citrean,citrous,citydom,cityful,cladine,cladose,claimer,claiver,clamber,clamper,clangor,clapnet,claquer,clarify,clarion,Clarist,clarity,clasher,clasper,Clatsop,Claudio,claught,clavier,clawker,clayish,Clayton,cleanup,clerisy,Clethra,climate,climath,climber,clinger,clinker,clinkum,clipeus,clivers,cloaked,cloamen,cloamer,cloghad,clogwyn,clomben,clonism,closter,closure,clotbur,clothes,cloture,clouted,clouter,clovery,cloying,clubdom,clubman,Clunist,clupeid,cluster,cluther,clypeus,clyster,cnemial,Cneorum,coadmit,coagent,coalbin,coalify,Coalite,coalize,coalpit,coaming,coarsen,coaster,coating,coaxing,cobhead,codbank,codfish,codling,coelian,coequal,coexist,cognate,cognize,cograil,cohabit,coinage,coinfer,cointer,coiture,cojudge,cokeman,colarin,colauxe,coldish,Colinus,coltish,Coluber,Columba,colunar,Colutea,comaker,combine,combing,combure,combust,comfrey,comital,company,compare,compart,compear,compend,compile,complex,complin,compreg,compter,compute,comrade,Comtian,conamed,conatus,condite,conduit,condyle,confide,confirm,conflux,confuse,confute,congeal,congest,congius,Conidae,conifer,conjure,conjury,conkers,conquer,conspue,consult,consume,consute,contise,contuse,convert,conveth,copable,copaiye,coparty,Copehan,copeman,coperta,copsing,copular,copyism,copyist,copyman,coquina,coquita,coraise,coraled,corbeau,corbeil,corbula,cordage,cordant,cordate,Cordeau,cordial,cordies,cording,cordite,Cordula,coreign,Corinth,corkage,corking,corkish,corkite,cornage,corneal,corneum,Cornish,cornual,cornule,cornute,corsage,corsite,cortina,corupay,corvina,corvine,corylin,Corylus,Corypha,cosaque,coshery,Cosmati,costard,costean,costing,costive,costrel,costula,costume,coteful,cothurn,cotidal,Cotinga,Cotinus,cotland,cotrine,cotylar,Coueism,cougher,cougnar,counite,counsel,counter,country,coupage,coupled,coupler,couplet,courage,courant,courida,courlan,coursed,courtin,courtly,cousiny,couthie,couvade,cowardy,cowbane,cowbind,cowbird,cowfish,cowgate,cowgram,cowhage,cowherb,cowherd,cowhide,cowlike,cowling,Cowlitz,cowpath,cowshed,cowskin,cowslip,cowtail,cowyard,crablet,craisey,craizey,crambid,cramble,crambly,Crambus,cramped,crampet,crampon,cranium,cranked,crankle,crankly,crankum,craving,crawful,crawley,crazily,creaght,crenula,Creolin,cresoxy,cretify,cretion,Cretism,crewman,Crimean,crimple,crimson,cringle,crinkle,crinkly,crinose,crinula,crisped,crisply,cronish,cropman,croquet,croupal,crowing,crowned,croyden,crudely,crudity,cruelty,crumble,crumbly,crumlet,crumpet,crumple,crumply,crunkle,crunode,crusade,crusado,crushed,crusily,crustal,crusted,cryable,cryogen,cryosel,cryptal,crypted,crystal,ctenoid,cubital,cubited,cudbear,cuinage,cuisten,culebra,culpose,culprit,cultish,cultism,culvert,cumbent,cumenyl,cuminal,cuminol,cuminyl,cumshaw,cuphead,cupidon,cupmate,cupolar,cupride,cuprite,cuproid,cuprose,curable,curably,curatel,curbing,curiate,curiosa,curlike,curling,curship,cursive,curstly,curtail,curtain,curtesy,Curtise,curvant,curvate,curvity,cushion,Cushite,cuspate,custard,custody,cutheal,cutlery,cutling,cutlips,cutover,cutwork,cutworm,cyanide,cyanite,cyanize,cyanole,cyanose,cyathos,cyathus,Cydonia,cymbalo,cymbate,cymling,Cymraeg,cynebot,Cynthia,Cyperus,Cyprian,Cyprina,cyprine,cypsela,Cypseli,cystine,cystoid,cystoma,Cytinus,czardom,czarish,czarism,czarist,dabster,dacoity,dacryon,daemony,daglock,dambose,damlike,damnify,damnous,damping,dampish,dancery,dangler,dankish,Daphnis,dapicho,dapifer,dareful,Darghin,dariole,darkful,darkish,darling,darting,dartoic,dashing,dashpot,dasturi,dasyure,daturic,daubery,daubing,daunter,dauphin,daylong,daytime,daywork,daywrit,deafish,dealing,deathin,deathly,debauch,Deborah,debouch,debtful,decagon,Decalin,decator,decatyl,Dechlog,decimal,Decimus,decking,declaim,decorum,decrial,decrown,decuman,decuria,default,defiant,defrock,defrost,defunct,degrain,deiform,delator,delight,Delphin,deltaic,demarch,demihag,demiowl,demivol,demonic,demonry,demotic,demount,Denmark,densify,density,dentary,depaint,deposal,deposit,deprint,deraign,Deringa,derival,dervish,descant,descort,desight,despair,despoil,destain,destiny,destour,destroy,desugar,detrain,Deutzia,deviant,devilry,devious,devisal,devisor,Devonic,dextral,dextran,dextrin,deyship,diacope,dialect,dialyze,diaplex,diarchy,diastem,diaster,diasyrm,diaulos,diazole,dibhole,dibrach,dicebox,diceman,Diceras,dicetyl,Dichter,dickens,dicotyl,Dictaen,Dicyema,dieback,dietary,diethyl,dighter,diglyph,digmeat,digraph,dilater,dilator,diluent,diluter,dilutor,dimeran,Dimetry,dimorph,dingbat,Dinomys,dinsome,diobely,diopter,dioptra,dioptry,dioxane,diphase,Diphyes,diploma,diplont,dipolar,Diptera,diptych,dipware,dipygus,dipylon,direful,dirempt,disable,disavow,disbark,disbury,discage,discept,discern,discerp,disfame,disglut,disgown,disgulf,dishelm,dishful,Dishley,dishome,dishorn,dishpan,dishrag,disject,disjune,disleaf,dislove,dismark,disobey,dispark,dispart,display,dispone,disport,dispute,disrank,disrate,disrobe,disrump,disrupt,distale,Distoma,distome,distune,disturb,disturn,disyoke,ditcher,dithery,diurnal,divorce,divulge,divulse,doarium,doating,doatish,docible,dockage,dockize,dockman,doctrix,doeglic,doeskin,dogbane,dogbite,dogbush,dogcart,dogface,dogfish,doglike,dogship,dogskin,dogtail,dogvane,Doketic,dolcian,dolphin,Dolphus,doltish,Dombeya,domical,dominus,donable,donship,dorhawk,Dorical,Dorking,dorlach,dormant,dorneck,dornick,dorsale,dotchin,dotlike,doubler,doublet,doubter,doucely,doucine,doughty,Douglas,douping,dourine,dowable,dowager,doweral,dowitch,downcry,downcut,downily,downlie,downset,dozenth,dragnet,drastic,draught,drawboy,drawcut,drawing,drawnet,drawout,dreamsy,driblet,dringle,drivage,dronage,dronish,droplet,dropman,droshky,drought,drucken,drugman,drumble,drumlin,Drusean,drycoal,Dryopes,dualism,dualist,duality,dualize,duarchy,dubiety,duckery,ducking,duckpin,ductile,duction,dueling,duelist,duftery,dulbert,dulcian,dulcify,dulcose,dulotic,dumaist,dumbcow,dumpage,dumpily,dumping,dumpish,dumpoke,dumsola,duncery,duncify,duncish,dunfish,duotype,dupable,duplify,duplone,durable,durably,duramen,durance,Durango,durenol,durmast,duskily,dustbin,dustbox,dustily,dusting,dustman,dustpan,Dutcher,duvetyn,Dwamish,Dyakish,dyaster,dynamic,dynamis,dyphone,dyspnea,dystome,dysuria,dysuric,Dzungar,earldom,earlish,earlock,earnful,earpick,earplug,earshot,earthly,easting,ebonist,ebrious,echidna,Echimys,echinal,echinus,echoism,echoist,ecthyma,ectopia,ectypal,edacity,edaphic,edaphon,edictal,eductor,egality,egilops,egotism,elapoid,elastic,elastin,elation,elfship,elfwort,Elinvar,elkhorn,elogium,Elohism,Elohist,elusion,elusory,elution,Elysian,Elysium,elytrin,elytron,elytrum,emarcid,embargo,embolic,embolus,embound,embrail,Embrica,embroil,embrown,embryon,empathy,emporia,emptily,emptins,emption,emulant,emulsin,emulsor,emydian,enactor,enchair,enclasp,encloak,encloud,encomia,encraty,encrisp,encrust,encrypt,endarch,endmost,endoral,endotys,endways,endymal,Englify,English,englory,engraft,engrail,engrasp,enguard,Enhydra,enlight,enquiry,enrough,enshawl,enstamp,enthral,entomic,entopic,entrail,entropy,envapor,envault,envious,enzymic,epacrid,Epacris,epanody,eparchy,ephoral,ephoric,ephorus,Ephraim,Ephydra,epiboly,epigram,epihyal,epimyth,epinaos,epiural,epizoal,epizoan,epochal,epsilon,epulary,epuloid,equably,equator,equinox,equison,eranist,erasion,ergodic,ergoism,ergotic,ergotin,ergusia,erlking,Erodium,erotica,erotism,escalin,escalop,escolar,esculin,espadon,esparto,espinal,estadio,estival,estmark,estriol,estrual,estuary,etacism,etching,Ethanim,ethanol,ethical,ethiops,ethmoid,ethoxyl,ethylic,ethylin,Eucosia,eucrasy,eulogia,eulogic,Eunomia,eupathy,euphony,euphory,euploid,eurobin,Euscaro,eutaxic,Eutopia,evanish,evasion,evictor,exactly,exactor,exarchy,excisor,excitor,exclaim,excusal,exhaust,exocarp,exodist,exogamy,Exogyra,exordia,exormia,exosmic,exostra,exotism,explain,explant,exploit,exposal,exposit,expound,exradio,exscind,exuvial,fabling,faciend,facient,fackins,faction,factish,factive,factory,factrix,facture,faculty,fagoter,fahlerz,fahlore,failure,fainter,faintly,faipule,faitour,Falerno,faltche,falutin,fancied,fancier,fangled,fanglet,fanlike,fanwise,fanwork,fanwort,Fapesmo,farcied,farcing,farcist,farming,farmost,fascine,fashery,fashion,fasting,fatbird,fathmur,fatigue,fatling,fatuism,fatuoid,faulter,faunish,faunist,Fauvism,Fauvist,favored,fawnery,Fayumic,featous,felonry,felting,felwort,feminal,femoral,fenchyl,feodary,feralin,ferdwit,Ferison,ferling,fermail,fermila,Feronia,ferulic,Festino,festuca,fetidly,fetlock,feudist,fibroma,fibrose,fibrous,fibster,fibulae,fibular,fidalgo,fidgety,fiendly,fighter,figment,figural,figured,figworm,figwort,filacer,filator,filbert,filcher,filemot,finable,finagle,finback,finched,finetop,fingery,Finmark,Firbolg,firebox,fireboy,firebug,firedog,fireman,firetop,firstly,fishbed,fishery,fishlet,fishman,fishpot,fishway,fisnoga,fistuca,fistula,fistule,fitched,fitcher,fitchew,Fitzroy,fivebar,fixable,fixator,fixedly,fixture,Fjorgyn,flabrum,flacked,flacker,flacket,flaming,flanger,flanked,flanker,flanque,flaring,flasher,flashet,flasker,flasket,flasque,flatdom,flaught,flaunty,flavedo,flavine,Flavius,flavone,flavory,flavour,flector,Fleming,Flemish,flemish,flexion,flicker,flighty,flinder,flinger,flinter,floater,flocker,flokite,florate,florent,Florian,Florida,florist,flotage,flotsam,flounce,flouter,flowage,flowery,flowing,flueman,fluency,fluking,flunker,fluoran,fluoric,flusher,flusker,fluster,Flustra,flutina,fluting,fluxion,flyback,flybane,flyboat,flytier,flytrap,flywort,foamily,foaming,focuser,fodient,foeship,fogyish,fogyism,foister,foldage,folding,foldure,foliage,foliary,foliate,folkway,fomites,fondish,fondler,fopling,foramen,forbade,forbled,forceps,forcing,fordays,fording,foreact,forebay,foreday,foreign,forelay,foreman,forepad,forepaw,foresay,foresin,foresty,forgive,forkman,formant,formate,Formica,forming,formula,formule,forpine,forsake,forties,fortune,forwean,forwent,fougade,foughty,foujdar,foulage,foulard,fouling,foulish,foumart,founder,foundry,fourble,fourche,fowlery,fowling,foxbane,foxlike,foxship,foxskin,foxtail,foyaite,frabous,fracted,fragile,frailty,framing,Frances,Francis,frankly,frantic,fratchy,fraught,fraying,freckly,freight,fremdly,Frenchy,Frenghi,freshly,friable,frigate,frighty,fringed,frisket,frogbit,froglet,frogman,frontad,frontal,fronted,frosted,froughy,frounce,frowsty,frowzly,fructed,fruited,frumple,Fucales,Fuchsia,fuchsin,fucosan,Fuegian,fugient,Fuirena,fulgent,fulgide,Fulgora,fulmine,fulsome,fumaric,fumaryl,fumbler,funeral,fungate,fungoid,fungose,funicle,furbish,furcate,furiant,furiosa,furison,furlong,furnace,furnage,furnish,furtive,fusible,fusibly,fustian,fustily,futchel,futhorc,gablock,Gabriel,gadbush,Gaeldom,Gaetuli,gahnite,gainful,gainset,Galenic,galenic,galeoid,galerum,galerus,galipot,galumph,gambier,gambist,gambler,gambrel,gameful,gametic,Ganodus,garboil,gardeny,garfish,garment,garnets,garnetz,garnice,garniec,garnish,garston,garvock,gaseity,gashful,gaslock,gastric,gastrin,gaudery,gaudily,Gaulish,gaulter,gaumish,gaunted,gauntly,gauntry,gauster,gauzily,gavyuti,gawkily,gawkish,gaybine,gayment,gaysome,gearbox,geckoid,gedackt,gelatin,geldant,gelosin,Gemaric,gemsbok,gemwork,genarch,Genista,genista,genital,genitor,genizah,genomic,geodist,geoduck,geoidal,geomaly,geomant,geomyid,geotaxy,geranic,geranyl,geratic,germina,gernitz,Gershom,Gershon,gerusia,Gervais,Gestapo,gestion,ghastly,ghazism,gherkin,ghoster,ghostly,giantly,giantry,giblets,Gilbert,gilbert,giltcup,gimlety,ginward,girasol,gisarme,Gitksan,glacier,gladify,gladius,glaiket,glaived,glamour,glancer,glandes,glaucin,glazier,glebous,Glecoma,glenoid,glimpse,glisten,glister,gloater,globate,glochid,glochis,glorify,glucase,glucide,glucina,glucine,glucose,gluepot,glumose,gluside,glutoid,glutose,glycide,Glycine,glycine,glycose,glyoxim,glyphic,glyptic,glyster,Gmelina,gnarled,gnathic,gnomide,gnomish,gnomist,Gnostic,gnostic,goatish,Gobelin,gobelin,gobline,Godetia,Godfrey,godlike,Godsake,godship,goeduck,goelism,goitral,goldcup,goldish,goliard,Goliath,goliath,gomavel,Gomeisa,gomeral,gonadic,gonakie,gondite,Goneril,goniale,Gordian,Gordius,gorevan,goschen,goshawk,Gosplan,Gothism,goulash,gourami,gourmet,goutify,goutily,goutish,gowdnie,gownlet,gracile,grackle,gradely,gradine,grafted,grained,grampus,grandly,granite,granose,granule,graphic,Graphis,grapnel,gratify,graupel,gravely,gravity,grayish,greatly,Grecian,Grecism,gremial,gremlin,grimace,grimful,grindle,gripman,gristle,gristly,grobian,groined,Grotian,grouchy,grounds,groundy,grouped,grownup,growthy,grufted,Gruidae,grumble,grumbly,grumose,grumphy,gruntle,grushie,Grusian,grysbok,guacimo,Guahibo,Guahivo,Guanche,guanize,Guaymie,guepard,guerdon,guidman,guilder,guildry,guilery,Guisard,guisard,Gujrati,gularis,gulonic,gulsach,gumboil,gumdrop,gumihan,gumlike,gumshoe,gunboat,gunfire,gunlock,gunplay,gunrack,gunshop,gunshot,gunster,Gunther,gunwale,gurniad,gushily,gustily,gutlike,Gutnish,gutwise,gwyniad,gymnast,gymnics,gymnite,Gymnura,gymnure,gypsine,gypsite,gypster,Gyrinus,habited,habitue,habitus,hackbut,hackery,hacking,hackler,hacklog,hackney,Hadjemi,hadrome,haemony,hafnium,hagborn,haglike,hagride,hagrope,hagworm,haircut,hairlet,halberd,halbert,halcyon,halibut,halidom,halitus,halogen,halting,halurgy,Hamites,hamster,hanbury,handbow,handful,handily,handler,handout,handsel,handset,hangout,haplite,haploid,Haplomi,haplont,haptics,hardily,hardock,harelip,haricot,harling,harlock,harmful,harmine,harmony,harmost,harpist,harvest,haslock,hastily,hastler,hatbrim,hateful,hatlike,hauberk,haulier,haunter,hautboy,hawbuck,hawkbit,hawkery,hawking,hawknut,haybird,haybote,hayfork,haylift,hayloft,hayrick,haysuck,haytime,haywire,headful,headily,heading,healing,hearing,heartly,heatful,heating,heavily,heaving,heavity,hebamic,Hebraic,hedonic,heftily,heinous,heirdom,helcoid,Heliand,heliast,helicon,helotry,helping,hemapod,hematic,hematid,hematin,hemlock,hemocry,henotic,henyard,heparin,hepatic,heptoic,herbist,herbman,herbous,herdboy,herding,herling,hermaic,hernial,heroify,heroism,Hervati,hexacid,hexadic,hexagon,hexagyn,hexapod,hexitol,hexonic,hexosan,hexylic,hickory,hidable,hidalgo,hideous,higuero,himself,himward,hipbone,hipmold,hipwort,hirable,hireman,hirsute,Hirundo,histone,history,hoarily,hoarsen,hoatzin,hoblike,hobnail,Hockday,Hodgkin,hogback,hoglike,hogmace,hogskin,hogward,hogyard,hoister,holding,holeman,holiday,holster,homager,Homarus,Homburg,homelyn,Homeric,Homerid,hominal,honesty,hopbine,hopeful,hoplite,hopvine,hopyard,hordein,Hordeum,hormist,hornety,hornful,hornify,hornily,hornist,hornlet,horntip,horsify,horsily,horsing,hoseman,hosiery,hospice,hostage,hostile,hosting,hostler,hotspur,hounder,housage,housing,houvari,Hovenia,hoverly,howadji,howbeit,howling,howlite,huarizo,Huastec,Hugelia,hugsome,hulkage,hulking,Hulsean,hulsite,hulster,humanly,humbler,humblie,humeral,humidly,humidor,humoral,hunkers,hunkies,Hunlike,hurdies,hurgila,hurling,hurlock,hurting,husband,huskily,husking,husting,hustler,huvelyk,Hyakume,hyaline,hyalite,hyaloid,Hybodus,Hydnora,hydrant,hydrate,hydrazo,hydrome,hydrone,hydrops,hydrous,hydrula,hyenoid,Hygeian,hygeist,hygrine,hygroma,Hylidae,Hylodes,hymenal,hymenic,hymnist,hymnode,hyoidal,hyoidan,hyoides,hypaton,hypnoid,hyporit,Hypoxis,hypural,hyraces,hyracid,Hystrix,Iapetus,Iapyges,Ibycter,iceboat,Iceland,iceland,icework,icotype,icterus,Ictonyx,ideaful,idleman,idoneal,idorgan,Idothea,igneous,ignoble,ignobly,imagery,imbarge,imbased,imbower,imbrute,imburse,impages,impaler,impalsy,impanel,impaste,impasto,impeach,impearl,impetus,Impeyan,implant,implate,implead,implode,implore,imposal,imposer,impound,impregn,impresa,imprest,improve,impulse,imputer,Inachus,inadept,inaptly,inboard,inbread,inbreak,inburst,inclose,include,inclusa,incluse,incomer,incrash,increst,incrust,incudal,incudes,incurse,incurve,indazol,indoles,indorse,indoxyl,indraft,inducer,indulge,indulto,inearth,ineptly,inequal,inertly,inexact,infarct,infaust,inflame,inflate,inflect,infract,infuser,ingesta,inglobe,Ingomar,ingraft,ingrate,inhaler,inhaust,inhumer,injured,inkbush,inkshed,inlawry,inlayer,inmeats,inocyte,inphase,inquest,insculp,Insecta,inshave,inshore,insofar,inspeak,inspect,inspoke,instead,insteam,insular,insured,insurge,inswamp,inswept,intaker,inthrow,intrude,intruse,inulase,invader,invoker,inwards,Ioskeha,ipseand,iracund,irately,irksome,Isander,isazoxy,ischury,Ishmael,islandy,isoamyl,isobare,isobath,isocrat,isogamy,isogeny,isogram,isohyet,isolate,Isomera,isomery,isoneph,isopyre,isotely,isotype,Itoland,ivywort,Izdubar,jacinth,jackbox,jackboy,jackety,jackleg,jackrod,Jackson,Jacobin,jacobus,jaconet,Jacques,Jahvist,jaildom,jalouse,jambone,jamlike,Janghey,jangler,janitor,Japetus,Japonic,jarldom,Jasione,jasmine,jasmone,jaspery,jaspoid,jaunder,jauntie,javelin,jawbone,jawfish,Jazyges,jealous,jecoral,jecorin,Jehovic,jeofail,jeopard,jerkily,jerkish,jervina,jestful,jesting,jewbird,jewbush,jewfish,Jewling,Jewship,jibhead,jibstay,Jicaque,jimbang,Jinchao,jingled,jingler,jinglet,Jisheng,jitneur,Joachim,Jocelin,Jocelyn,jocular,joebush,joinder,joinery,jointed,jointer,jointly,jolting,jonquil,Jophiel,Josepha,jostler,Joubert,joulean,journal,journey,jouster,jowlish,joyance,joyleaf,juckies,Judaism,Judaist,Judaize,judices,jugated,Juglans,juglone,jukebox,Juliane,Julidae,julidan,jumbler,juncite,jungled,juniper,Jupiter,Jurevis,juryman,justice,justify,Justina,Justine,juvenal,Juverna,kalends,kampong,kanchil,Kantism,Karling,karstic,Karthli,Kartvel,Kashube,Kathryn,katogle,Katrine,keacorn,Keftian,keitloa,kelchin,kenotic,kenspac,Kentish,kerasin,keratin,Keratol,kerchug,kerflap,kerflop,kernish,kerslam,kerugma,kerwham,kerygma,ketchup,ketonic,kevalin,khamsin,khediva,Khevzur,Khlysti,kidsman,kilobar,kilovar,kimbang,kinbote,kindler,kinepox,kingcob,kingcup,kingdom,kinglet,kingrow,Kintyre,Kirsten,kirtled,kischen,kistful,kitchen,Kitlope,klafter,Klanism,klavern,kleptic,klipdas,klister,knavery,knavish,knopite,knosped,knublet,knurled,koftgar,Koitapu,Koldaji,kompeni,koradji,Koranic,Koreish,Koschei,koswite,krausen,kremlin,Krishna,Kristen,kryptic,kryptol,krypton,Kubachi,Kuchean,kulaite,kunzite,kurbash,Kurdish,Kutchin,Kutenai,kvinter,labiose,labored,labroid,labrose,lacepod,lackwit,lacmoid,lacquer,lactide,lactify,lactoid,lactone,lactose,lacwork,ladrone,ladybug,ladyish,ladyism,ladykin,Lagopus,lagwort,Lakshmi,lambent,Lambert,lambert,lambish,lambkin,lamboys,lamiger,lamiter,lamnoid,lampern,lampers,lamping,lampion,lampist,Lampong,lamprey,langite,langued,languet,languid,languor,lankish,lapsing,lapwing,lapwork,larceny,larchen,lardite,largish,larigot,larking,larkish,lasting,latcher,latency,lathery,lathing,latices,Latiner,Latinus,Latirus,latrine,latrobe,Laudism,Laudist,laudist,laugher,launder,laundry,Laurent,laurite,laurone,lawsuit,layover,layship,laystow,lazyish,leading,leadout,leafboy,leafcup,leafdom,leanish,leaping,Learoyd,leasing,leaving,lection,leftish,leftism,legator,leghorn,legumin,lehrman,lempira,Lemuria,lemurid,lengthy,lentigo,lentisc,lentisk,lentoid,lentous,Leonard,Leonist,leopard,leotard,Lepanto,Lepiota,Lepisma,Lepomis,leporid,Leporis,leproid,leproma,leprosy,leprous,Lesbian,lestrad,letdown,leucism,leucoid,leucoma,levator,levyist,lexicon,leysing,liberty,librate,licheny,licorne,lidgate,lifeday,liftman,ligator,lighten,lighter,lignose,limacon,limbate,limbeck,limbers,limbous,limnery,linchet,linctus,Lindera,Lindsay,Lindsey,linecut,Lingoum,lingtow,linguet,linkage,linkboy,lipwork,liquate,liquefy,lispund,Listera,listred,lithous,liturgy,loading,loafing,loaming,loather,lobated,lobiped,lobster,lochage,lockage,Lockian,locking,lockjaw,lockman,lockpin,lockram,Locrian,Locrine,locusta,Loegria,lofting,loftman,loghead,logwise,Lombard,lombard,Londres,longear,longish,longjaw,longway,Lopezia,lophine,Lophura,loquent,lording,lordkin,lotusin,loudish,lounder,lounger,louster,louther,loutish,loveman,lowbred,lozengy,lubrify,lucanid,lucarne,Lucifer,lucigen,Lucinda,Lucknow,lucrify,Lucrine,Ludgate,ludibry,lufbery,lugmark,lugsome,lugworm,luhinga,Luiseno,lumbago,lumbang,lumping,lumpish,lumpkin,lunatic,luncher,Luperci,lutecia,luteoma,luteway,lutfisk,luthern,luthier,lutrine,Lychnis,Lycidae,Lycodes,lycopin,Lycopus,lycosid,lygaeid,lymphad,Lynceus,lyncher,Lyomeri,lyrated,lyreman,lysogen,Lythrum,Macbeth,Macedon,machine,Macigno,mackins,Madelon,madling,madship,madwort,maestri,maestro,Maghrib,magneto,magnify,magpied,Mahdist,Mahound,mailbox,mainour,maintop,Maipure,majesty,Makonde,Malchus,malduck,malicho,malines,malison,Malkite,malonic,malting,maltose,manbird,manchet,mandore,mandrel,Manfred,mangily,mangler,manhole,Manihot,maniple,Manjeri,manlike,Manolis,manrope,manship,mantled,mantoid,manwise,Mapuche,mapwise,marbled,marbles,Marcite,Marconi,marconi,marengo,margent,Marilyn,marking,marline,marlite,marlock,marlpit,marplot,marquis,Martius,Marxist,marybud,mascled,masculy,mashing,maskoid,masoned,masoner,masonic,masonry,masquer,mastery,mastful,masting,mastoid,matcher,matsuri,maudlin,mauling,maunder,Maurice,Maurist,mauther,mauvine,mawkish,Maybird,maybush,mayfish,Mayfowl,Maylike,Maypole,Maytide,Maywort,mazedly,mazeful,meadowy,meanish,meatily,Mebsuta,Mechlin,mediacy,mediant,medical,medrick,medusal,medusan,megapod,Megaric,megaron,megaton,meiobar,Mekbuda,melanic,Melanoi,meldrop,Melinda,melodia,melodic,melonry,melting,menfolk,Menorah,mensual,mentary,menthol,menthyl,Mercian,merfold,merfolk,meropia,mesarch,mesityl,mesobar,mesodic,mesonic,Mesonyx,mesopic,mestiza,mestizo,Methody,metochy,metopic,metrics,metrify,metusia,Mexican,Miaotse,Miaotze,miaower,Miastor,miauler,Michabo,Michael,Micheal,microbe,midgety,midrash,Midwest,midyear,migrant,migrate,milcher,mildewy,mileway,milksop,Milvago,minable,minaret,mindful,mineral,Minerva,mingler,minkery,Minorca,minster,mintage,minuter,Mirabel,miracle,mirbane,misbode,misborn,miscrop,misdate,misdaub,misdeal,misdoer,misdraw,miserly,misfare,misfond,misgrow,misknow,mislead,mislear,misobey,mispage,mispart,misplay,misrate,misread,misrule,mistake,mistbow,mistend,mistful,mistone,mistral,misturn,misword,misyoke,Mithras,mixable,mixedly,mixture,mnestic,Moabite,moanful,moblike,mobship,mobster,mochras,mockery,mockful,modesty,modiste,modular,Mograbi,Mohegan,Mohican,moineau,moisten,moistly,moldery,molding,Molidae,Moluche,Monachi,monadic,monarch,monepic,moneral,moneric,monesia,mongery,mongler,mongrel,moniker,monkery,monkish,monster,montage,Montauk,monthly,monture,mophead,moraine,Moravid,morbify,mordant,mordent,Mordvin,moreish,morglay,moriche,Morinda,morinel,Moringa,morphea,morphew,morphia,morphic,morsing,mortify,mortise,Mosting,mothery,moulter,mounted,mounter,Mountie,mousery,mousily,mousing,mouthed,mouther,movable,movably,mowable,mowburn,mowland,Mpangwe,mucedin,mucigen,muckite,mucosal,mudbank,Mudejar,mudfish,mudflow,mudhole,mudlark,mudwort,mugient,mugwort,mulcher,mulsify,Multani,muncher,munchet,Mundari,mundify,mungofa,muntjac,Muphrid,muraled,murexan,murgavi,murgeon,muriate,Muridae,Murinae,murkily,murkish,murshid,muscade,Muscari,muscled,muscoid,muscone,Muscovi,muscovy,mushily,musical,muskrat,mustang,mustard,Mustela,mustify,mustily,mutable,mutably,mutedly,myalgic,mycelia,mycosin,myeloic,myeloid,mygalid,myophan,myoxine,myringa,myronic,myrosin,Mysidae,mythize,Mytilus,nacrite,nacrous,naebody,nagster,nailery,nailrod,naither,naively,naivety,nakedly,naphtol,narcism,narcist,narcose,narcous,narthex,nashgob,nastily,Natchez,natrium,naughty,nauther,nautics,nayword,nearish,neatify,nebular,Necator,neckful,nectary,Nectria,neftgil,negator,Negrito,Negrofy,Negroid,Nelumbo,nematic,nemoral,neogamy,neolith,Nephila,nephria,nephric,nephros,nepotal,nepotic,nervily,nervish,nervism,nervous,Nesokia,nestful,netbush,network,neurism,neuroid,neuroma,neutral,Newport,newsboy,newsful,nibsome,Nichael,Nicobar,Nicolas,nidgety,nighted,nightly,nigrous,nimbose,niobate,nispero,nitrous,niveous,nizamut,Noctuae,noctuid,noctule,nocuity,nodical,nodular,noetics,noghead,noilage,nomadic,nomarch,nombril,nopalry,noreast,norwest,nosegay,nostril,nostrum,notable,notably,notaeum,notched,notchel,notcher,notedly,noticer,notself,nourice,nourish,nouther,novelry,novelty,nuclear,nuclide,nugator,numbles,numeral,Numidae,nuptial,nuraghe,nusfiah,nutcake,nutlike,nutpick,nutrice,nutrify,nymphae,nymphal,nymphet,nymphic,nymphid,oakling,oarfish,oarlike,oathful,oatlike,obclude,obeliac,obelisk,obelism,obesity,obitual,obliged,obliger,oblique,Obrazil,obscure,obsequy,obtrude,obviate,Ocneria,octuple,octuply,oculary,oculate,Oculina,oculist,odalisk,odylism,odylist,odylize,Oedipal,Oedipus,oestrid,oestrin,oestrum,oghamic,ogreish,ogreism,ogtiern,Ojibway,oldster,oldwife,olfacty,olivary,Olivean,Olympia,Olympic,Olympus,omental,omneity,omnibus,onliest,onmarch,onsight,onstead,Ontaric,onwards,onychia,onymize,opacify,opacite,opacity,opaline,opalish,opalize,operand,operant,Ophelia,opianyl,optable,optably,optical,optimal,opulent,Opuntia,oralism,oralist,orality,oralize,orangey,orbical,orbicle,orbital,orcanet,Orcinus,ordinal,ordines,orfgild,organdy,organic,organum,orgiacs,orgiasm,orgiast,oriency,orignal,Orleans,Orphean,orpheum,Orpheus,Orphism,Orphize,ortalid,Ortalis,orthian,ortygan,osamine,oscheal,oscular,Osmanie,Osmanli,osmatic,osmetic,Osmunda,ostemia,ostiary,ostmark,ostrich,Oswegan,otalgic,otarine,othmany,ourself,outarde,outback,outbake,outbark,outbawl,outbeam,outbear,outbrag,outbray,outbred,outcase,outdare,outdraw,outerly,outface,outfame,outfawn,outfish,outgain,outgame,outgaze,outgive,outglad,outgnaw,outgrin,outhear,outhire,outhymn,outjinx,outking,outlaid,outland,outlash,outlean,outleap,outlier,outlimb,outlimn,outline,outlive,outname,outpace,outpage,outpeal,outpick,outplan,outplay,outpray,outrace,outrage,outrail,outrank,outrave,outread,outrick,outride,outring,outsail,outseam,outside,outsigh,outsing,outsize,outskip,outspan,outspin,outswim,outvier,outwake,outwale,outwalk,outward,outwash,outwave,outwear,outwick,outwile,outwind,outwing,outwish,outyard,outyelp,outzany,ovalish,ovalize,ovarium,ovately,ovenful,overact,overapt,overawn,overbid,overbig,overbit,overbuy,overcap,overcup,overcut,overfag,overfat,overfit,overfix,overfly,overgun,overhit,overink,overlap,overlax,overlay,overlip,overman,overmix,overpay,overply,oversad,overtax,overtip,overtly,overway,overwin,ovicyst,oviduct,ovigerm,ovulary,ovulate,ovulist,Owenism,Owenist,owlhead,ownself,owrehip,owrelay,oxalite,oxamide,oxazine,oxbiter,oxbrake,oxheart,oxidant,oxidase,oxidate,oximate,oxyacid,oxyntic,oxysalt,pabouch,Pachons,packery,Pacolet,paction,padlike,padlock,paeonic,pagedom,pageful,pagurid,Pahouin,painful,painted,painter,Paisley,pakchoi,Pakhtun,paktong,Palermo,palfrey,palisfy,palmery,palmist,palmite,palmito,palsied,palster,paludic,Pamlico,pandect,pandemy,pandour,paneity,panfish,pangful,Pangium,panicky,panicle,Panicum,panmixy,panoche,panside,pansied,panther,panties,pantile,pantler,pantoum,panurgy,parboil,pardesi,pardine,paretic,parison,parking,parkish,parling,parlish,parlous,parodic,paroecy,paronym,parotic,parotid,parotis,parquet,parsley,parsony,partile,parulis,parvenu,parvule,pasquil,Pasquin,pasquin,pastern,pasteur,pastile,pastime,pasting,pasture,patcher,patency,patible,patined,patonce,Patrice,patrice,Patrick,patrico,paucify,paucity,paughty,Pauline,Paulism,Paulist,Paulite,paunchy,paviour,paviser,pavisor,pawdite,pawkery,pawkily,pawkrie,payment,Paynize,peafowl,peakily,peaking,peakish,pearlin,peartly,peckful,peckish,pectora,pectous,pedicab,pedlary,pedocal,pedrail,Peganum,Pegasid,pegasid,peladic,pelagic,pelamyd,pelanos,Pelargi,Pelasgi,pelican,pelioma,peloria,peloric,pelorus,pelting,pembina,pemican,penalty,penbard,penfold,penrack,pentail,pentoic,Pentzia,penuchi,peonism,Peorian,peracid,Perakim,percoid,perfidy,perfumy,pergola,peridot,perigon,periost,perjink,perkily,perking,perkish,Permiak,Permian,perotic,peroxyl,persalt,Persian,persico,persona,pertain,pertish,perusal,peshkar,peskily,pestful,pestify,petalon,petling,petrify,petrosa,petrous,Petunia,phacoid,phaeism,phaeton,phantom,pharmic,pharynx,Phascum,phasemy,phasmid,Pherkad,philter,philtra,Philyra,Phineas,Phiroze,phlegma,phlegmy,Phlomis,phloxin,phobiac,phobism,phobist,Phocean,Phocian,phocine,Phoenix,phoenix,pholcid,Pholcus,phonate,phonics,phonism,phoresy,photics,photism,phrenic,phrynid,phugoid,phycite,Physcia,phytase,Phyteus,phytoid,phytoma,phytome,piaster,piastre,pibcorn,pibroch,picador,picarel,piceous,pickage,pickery,pickler,pickman,pickmaw,picotah,picrate,picture,pictury,piculet,piebald,pigface,pighead,pigherd,pightle,pigment,pigsney,pigwash,pigyard,pikeman,pilaued,pilcher,pilcorn,pilcrow,pileous,pilotry,piltock,Pimenta,pimento,pinaces,pinacle,pinacol,Pinales,pinbush,pincase,pincers,pinched,pinchem,pincher,pinetum,pinfold,pingler,pinhead,pinhold,pinhole,pinlock,pintado,pintura,pinwork,pinworm,piously,piquant,pirogue,piscary,pishaug,pistole,pitcher,piteous,pithful,pithole,pitmark,pitwork,Pitylus,pivotal,pivoter,placebo,placket,placode,placoid,plagium,plagose,plagued,plaguer,plainer,plaited,plaiter,plandok,plangor,planish,planity,planker,planter,planury,planxty,plasher,plashet,plasmic,Plasmon,plasome,plaster,Plastic,plastic,plastid,plastin,platery,Platine,plating,platode,platoid,plaudit,playbox,playock,plebify,pledgor,plenary,plenish,plenism,plenist,pleonic,pleroma,pleuric,pleuron,pliancy,plicate,Ploceus,plosive,plouked,plounce,plouter,plovery,plowing,plowman,Pluchea,plucked,plucker,plugman,plumach,plumade,plumage,plumate,plumber,plumbet,plumbic,plumbog,plumcot,plumery,plumier,plumify,plumist,plumose,plunder,plunger,pluries,plurify,plushed,plutean,pluvian,pluvine,poacher,poalike,pochade,pochard,pockety,pockily,podalic,Podarge,podatus,podesta,podgily,podical,podices,podlike,poduran,podware,poetics,poignet,poinder,pointed,pointel,pointer,poitrel,pokable,pokeful,polacre,polaric,Polarid,Polaris,polaxis,poldavy,polearm,polecat,poleman,polemic,polenta,policed,poligar,poltina,polyact,polygam,polymer,pomfret,pomster,ponceau,pondage,pondful,pondlet,ponerid,poniard,Pontacq,pontage,pontify,pontile,ponzite,porcate,porched,porcine,Porcula,Porites,porkish,porkman,portage,portail,portend,portify,portman,portway,positum,postage,postbag,postern,postfix,posting,postman,posture,postwar,potable,potamic,potbank,potcher,potency,potgirl,pothead,potherb,pothery,potifer,potlike,potluck,potrack,potware,pouched,poulard,poulter,poultry,pounced,pouncer,pouncet,poundal,pounder,pouring,pouting,poverty,powdery,powdike,powitch,praecox,praline,pranked,prankle,prasine,prasoid,prating,pravity,prayful,praying,preachy,preacid,preboil,precant,precast,precoil,precyst,predamn,predawn,predial,predict,predusk,pregain,pregust,preknit,preknow,prelacy,preloan,premial,premold,preomit,preshow,presift,presign,prevail,prevoid,prewash,preyful,pricked,pricket,prickle,prickly,prigdom,prigman,primacy,primage,primate,primely,primost,Primula,primula,princox,pringle,prinkle,printed,Prionus,prisage,priscan,prismal,prismed,privacy,privant,private,Proavis,probang,probant,probate,probity,problem,proctal,prodigy,produce,product,proetid,Proetus,profane,profile,profuse,progeny,project,prolate,prolify,proline,promise,pronate,pronavy,pronely,pronged,Pronuba,pronuba,prosaic,prosect,prosify,prosily,prosing,protead,protean,proteic,protein,protend,Proteus,prothyl,protide,Protium,protium,protyle,proudly,provand,provant,provect,provide,provine,proving,proxeny,proxysm,prudely,prudent,prudish,prudist,prudity,prunase,prunted,psalmic,psaloid,psalter,pschent,psoadic,psoatic,psocine,psychal,psychid,psychon,psykter,ptarmic,Pterian,pterion,pteroid,pteroma,pteryla,Ptolemy,ptomain,ptyalin,puberal,puberty,publish,puchero,puckery,puckish,puckrel,pudency,pudgily,pudiano,pudical,puerman,pulicat,pulsant,pulsate,pulsion,pulsive,pulvino,pumiced,pumicer,punaise,puncher,punctal,pundita,pungled,Punjabi,punster,punyish,punyism,puranic,Purbeck,purfled,Puritan,purlman,purloin,Purshia,pursily,purslet,pursley,purview,pushing,putamen,putback,putchen,putcher,puthery,putidly,putrefy,pycnial,pycnite,pycnium,pygmoid,pygofer,Pylades,pyloric,pylorus,Pyrales,pyralid,pyralis,pyramid,pyrenic,pyretic,pyrexia,pyrexic,pyrites,pyrogen,pyrotic,pyruvic,pyruvil,Pythiad,Pythian,Pythios,Pythium,Pythius,pyvuril,pyxides,quabird,quachil,quackle,quadric,Quaitso,Quakery,quaking,qualify,quality,quantic,quartic,quartzy,quashey,quatern,quaters,quatrin,quavery,queachy,queasom,quemado,quercin,querist,quernal,questor,quetzal,quiblet,quicken,quickly,quietly,quilted,quilter,Quimper,quinary,quinate,quinova,quinoyl,quintad,quintal,Quiteno,quivery,Quixote,quoined,quoiter,quondam,quoniam,rabidly,rabinet,rackety,rackful,racking,radicel,radices,radicle,rageful,rageous,ragfish,ragtime,raiment,rainbow,rainful,rakeful,rambong,ramekin,rameous,ramlike,ramline,rampick,rampike,ramping,rampion,Randite,rankish,Ranquel,rantock,rapeful,raphide,rapidly,raploch,rashful,rashing,rasping,raspite,ratchel,ratfish,rathely,rathole,ratlike,ratline,raucity,ravelin,ravined,raviney,ravison,rawhide,Raymond,readily,reading,readmit,readopt,realign,realism,realist,reality,reanvil,reaudit,reavoid,reblast,reblock,reboant,reboast,rebound,rebuild,rebuilt,rebunch,rechain,rechant,rechaos,recital,reclaim,reclang,reclasp,reclimb,recoast,recount,rectify,rection,redback,redbait,redbuck,redcoat,redfish,redoubt,redskin,redtail,Redunca,redwing,refight,reflash,refling,refloat,reflush,refocus,refound,refusal,refutal,reginal,rehoist,reimply,reitbok,relatch,relatum,reliant,relight,relishy,remains,rematch,remould,remount,removal,renably,repaint,repatch,repitch,replait,replant,replica,repoint,reposal,reposit,repound,rescind,reshift,reshunt,residua,resinol,resound,resplit,respond,restack,restain,restamp,restful,restiad,resting,restock,restudy,resuing,rethank,rethink,retinal,retinol,retouch,retying,retzian,reunify,revisal,revomit,revuist,rewound,Reynold,reyouth,rhabdom,rhabdos,rhabdus,Rhaetic,rhagite,rhagose,Rhamnus,Rhemist,rhenium,rheotan,rhesian,rheumic,rhizoma,rhizome,Rhizota,rhizote,Rhodian,rhoding,rhodite,rhodium,Rhoecus,rhombic,rhombus,rhymist,rhyptic,Rhytina,riantly,Ribston,richdom,rickets,rickety,ricksha,ridable,ridably,rigbane,righten,rightle,rightly,Rigsmal,rikshaw,Riksmal,rimbase,rimland,Rinaldo,rinceau,Ringatu,ringlet,ringtaw,riposte,ripsack,riskful,Ritchey,rivulet,roading,roadite,roaming,Robigus,robinet,rockaby,rockety,Rockies,rocking,rockish,rocklay,rocklet,rockman,Rodinal,rodlike,rodsman,roebuck,roguish,rokelay,romaine,Romance,romance,romancy,Romanes,Romanic,Romanly,Romansh,romaunt,Romneya,romping,rompish,rondeau,ronquil,ropable,ropeman,ropeway,roquist,Rosabel,Rosalie,rosated,rosebay,rosebud,rosetan,rosetum,rosland,Rotanev,rotulad,rotunda,roughen,roughet,roughie,roughly,roulade,roundel,roundly,roupily,rousing,routhie,routine,routing,rowable,rowdily,Rowland,royalet,rubdown,rubeola,rubiate,rubican,Rubicon,ruching,rucksey,ruction,rudesby,Rudista,Rudolph,ruglike,ruinate,ruledom,ruminal,rumpade,rumshop,runback,rundale,rundlet,runfish,runtish,ruptile,ruption,ruptive,rushing,rushlit,ruspone,rustily,saboted,sackbut,sackful,sacking,saclike,sacring,sadiron,safrole,sagwire,sainted,saintly,salfern,salient,saligot,salited,salmine,salpinx,salpoid,saltern,saltery,saltier,saltine,salting,saluter,sambuke,Samnite,Samoyed,sampler,sanctum,sandbox,sandboy,sandbur,Sanetch,Sanford,sangley,sangrel,sanicle,Sanpoil,sapient,sapling,saprine,sapwort,sarcine,sarcode,sarcoid,sardine,Sardoin,Sarigue,sarigue,sarkful,sarkine,sarking,sarment,saronic,satchel,Satieno,satined,satlijk,satyric,saucily,saughen,saulter,saumont,saunter,saveloy,Saviour,savored,savoyed,sawbuck,sawlike,sawmont,saxhorn,Saxonic,Saxonly,scabrid,scalder,scaling,scaloni,scalper,scamble,scamler,scamper,Scandix,scantle,scantly,scapoid,scarfed,scarify,scarily,scarlet,scaroid,scarved,scauper,scaurie,scenary,sceptry,Schedar,scherzi,scherzo,schmelz,scholae,scholar,scholia,schorly,Schrund,schwarz,sciapod,scintle,sclater,Scleria,scolder,scolite,Scomber,scopate,scopine,scopula,scoriae,scorify,scoring,scorned,scotale,Scotize,scoured,scourge,scouter,scowder,scowler,scowman,scraily,scranky,scraped,scrapie,scrawly,scrawny,screaky,screamy,screigh,scribal,scrimpy,scringe,scriven,scrotal,scrotum,scrouge,scroyle,scrunge,scruple,scudler,scufter,sculper,sculpin,scumber,scumble,scunder,scutage,scyphae,scyphoi,scytale,seafolk,seafowl,seagirt,sealing,seaming,seamrog,seaport,searing,seating,seatron,seaworn,sebundy,secalin,Sechium,sectary,section,secular,Sedovic,sejunct,Sekhwan,selamin,selfdom,sematic,semiarc,semibay,semicup,semidry,semigod,semihot,seminal,seminar,semiorb,semipro,semiraw,semital,semiurn,senator,sepiary,Sepiola,septoic,septuor,Sequani,Sequoia,seragli,Serapic,Serbdom,Serbian,sercial,serfdom,seringa,Seriola,serolin,serphid,serpigo,Serpula,serpula,serumal,servant,Servian,serving,setback,setdown,Sethian,setwork,sexfoil,sextain,sextary,sextula,Seymour,shackle,shackly,shadily,shadine,shading,shadowy,shafted,shafter,shaglet,shakily,shaking,shamble,shandry,shanked,shanker,shapely,shaping,sharpen,sharpie,sharply,shavery,shaving,shawled,shebang,shedman,sheikly,Shelyak,sheolic,Sherani,sheriat,sherifa,sherify,Sherman,shicker,shifter,shigram,shimper,shindle,shingle,shingly,shipboy,shipful,shiplet,shipman,shipway,Shirley,Shirvan,shivery,shoader,shoaler,shocker,shoeing,shoeman,shopful,shoplet,shopman,shoring,shorten,Shortia,shortly,Shortzy,shotgun,shotman,shouter,showery,showily,showing,showman,shravey,shrewdy,shrewly,shrieky,shrimpy,shrinal,shrinky,shrivel,shriven,shroudy,shucker,Shukria,shunter,Shylock,sickbed,sickled,sickler,sicular,sidearm,sidecar,sideral,sideway,Sidrach,Siegurd,siftage,sighful,sighted,sighten,sighter,sightly,sigmate,Sigmund,signary,signate,signory,sikatch,sikerly,silency,silkman,siltage,silvern,silvery,Silybum,simblot,simpler,simplex,simular,simuler,singled,singler,singlet,Singpho,singult,sinkage,sinople,sinuate,sinward,Siredon,siruped,situlae,sixfold,sixthly,sizable,sizably,sizeman,sjambok,skating,skatole,skelpin,skeough,skepful,skeptic,sketchy,skiapod,skidpan,skidway,skijore,skilder,skilpot,skinful,skipman,skirted,skither,sklater,Skodaic,skraigh,skyphoi,skyugle,skyward,slacked,slacken,slacker,slainte,slaking,slander,slather,slatify,slating,Slavdom,slavery,Slavify,slaving,Slavize,slaying,sleathy,sleight,slewing,slicken,slicker,slidage,slifter,slighty,slinger,slinker,slipman,slipway,slither,slivery,slocken,slodger,sloping,slouchy,sloughy,slowrie,sludger,sluicer,slumber,slurbow,slutchy,sluther,smacker,smalter,smarten,smartly,smicker,smicket,smidgen,smirchy,smirkle,smirkly,smirtle,smither,smocker,smokery,smokily,smoking,smolder,smother,smudger,smutchy,smytrie,snackle,snagrel,snakery,snakily,snatchy,snicher,snicker,snicket,snickey,snickle,snifter,snirtle,snively,snocher,snocker,snorkel,snortle,snouted,snouter,snowcap,snowily,snugify,soaking,soapery,soapily,soaring,soberly,socager,society,softner,Sogdian,soilage,soilure,sokeman,solacer,Solanum,solanum,soldier,solidum,soliped,solvate,solvend,solvent,somatic,someday,someway,somewhy,somital,somnial,somnify,sompner,sonable,sondeli,songful,Songhai,songlet,sonlike,Sophian,soprani,sorbate,sorbent,Sorbian,sorbile,sorbite,sorchin,sordine,soredia,Sorghum,sorghum,Sotadic,Sothiac,souchet,sougher,soulack,sounder,soundly,souring,soutane,souther,sowable,sowback,sowbane,sowlike,Soxhlet,soybean,spacing,spadger,spading,spadone,spaedom,spairge,spalder,spancel,spandle,spanemy,spangle,spangly,spaniel,Spaniol,spanker,spanule,sparely,sparing,sparked,sparkle,sparkly,sparoid,spartle,spathed,spathic,spatule,spavied,spaviet,spawner,spaying,special,specify,speckly,spectra,spectry,specula,spelunk,sperity,spermic,spewing,sphacel,sphecid,sphegid,sphenic,spheral,spheric,Sphyrna,spicant,spicate,spicery,spicket,spickle,spicula,spicule,spidery,spidger,spignet,spiloma,spinach,spinage,spinate,spinder,spindle,spindly,spingel,spinule,spirale,spirant,spirate,spirket,Spirula,spitbox,spitful,spivery,splatch,splayed,splayer,splenic,splicer,splinty,splodge,splodgy,splotch,splunge,splurge,splurgy,spodium,spoiled,spoiler,spolium,spondyl,sponged,sponger,sportly,sporule,spouter,spraich,spraint,sprawly,spready,spreath,springe,springy,sprogue,Spudboy,spumone,spunkie,spuriae,spurlet,spurtle,spurway,spyboat,spyhole,squalid,squalor,squared,squatly,squawky,Squaxon,squeaky,squeald,squeamy,squelch,squench,squidge,squidgy,squinch,squinty,squiret,squirmy,squirty,squitch,stabile,stabler,stacher,stacker,stadion,stadium,stagery,stagily,stagnum,staidly,stainer,staired,staiver,staling,stalked,stalker,stamper,stample,standel,stander,stankie,Stanley,stapled,stapler,starchy,stardom,starful,staring,starken,starkly,starnel,starnie,starved,staumer,staunch,staving,staynil,stearic,stearin,stearyl,Stedman,Stemona,stenchy,stencil,stengah,Stephan,stepway,sternad,sternal,sternly,sternum,steroid,steward,stewpan,sthenia,sthenic,sticked,sticker,stickle,stickly,stickum,stifler,stigmal,Stilbum,stinger,stinker,stipend,stipula,stipule,stocker,stodger,stoical,stomach,stomper,stonied,stonify,stonily,stonker,stoping,storage,storied,storify,storken,stowage,stowing,straked,strange,strawen,streaky,streamy,striche,strigae,strigal,stringy,striola,striped,strived,striven,strobic,stromal,strophe,strudel,strumae,Strymon,studier,stuiver,stumble,stumbly,stumper,stupefy,stupend,sturine,Stygial,Stygian,styline,styling,stylize,styloid,Styrian,styrone,styward,Styxian,suantly,suavely,suavify,suavity,subacid,subarch,subatom,subcity,subclan,subdate,subdean,subdial,subecho,subedit,suberic,suberin,subface,subform,subgape,subgrin,subgyre,subhead,subherd,subhero,subicle,subidar,subidea,subitem,subjack,subject,subjoin,subking,sublate,sublime,sublong,submaid,submain,submind,subnect,subnote,suboral,suboval,subpart,subpial,subplat,subplot,subplow,subport,subrace,subrent,subtack,subtend,subtile,subtone,subtype,subvein,subvert,subvola,subwink,subzone,suckage,sucking,suckler,sucrate,suction,sudamen,Sudanic,sudoral,sudoric,Suevian,sugared,suiform,suimate,suingly,sulcate,sulfato,sulfion,Sulidae,Suliote,sultane,sultone,Sumitro,sumpage,sumpter,sunbeam,sunbird,sundari,sundial,sunglow,sunlamp,sunlike,sunward,surbate,surcoat,surdent,surdity,surface,surfacy,surfeit,surfman,surgent,surgeon,Surinam,surname,sutlery,Suwandi,swacken,swaling,swamper,swanker,swarbie,swarthy,swartly,swather,swayful,swaying,sweltry,Swertia,swiften,swifter,swindle,swinely,swinery,swinger,swingle,switchy,swithen,swither,Switzer,sybotic,syconid,sylphic,sylphid,Sylphon,sylvage,sylvate,Sylvian,sylvine,sylvite,symbion,symbiot,sympode,synacme,synapte,syncarp,synchro,syncope,Synedra,synodal,synovia,synthol,syringa,syringe,Syrmian,Syrnium,syrphid,syruped,tabidly,tabling,Tabloid,tabloid,taborin,tachiol,tacking,tackled,tackler,tacnode,tadpole,Taghlik,taglike,taglock,tagsore,tagwerk,tailory,taivers,takeful,takings,Talcher,talcoid,talcose,talcous,Talinum,taliped,talipes,talking,taloned,talonic,talonid,talpify,talpine,talpoid,Taluche,tambour,Tambuki,tamlung,tamping,tampion,Tamulic,Tamzine,tandour,tangelo,Tangier,tangler,tankful,taperly,taphole,Tapirus,tarbush,tardily,tardive,tarlike,tarnish,Tarquin,tarsome,tashlik,tashrif,taurine,tawnily,taxemic,taxibus,tcharik,teadish,teaming,tearful,tearing,teashop,teasing,techily,techous,tecomin,tedious,tegmina,Teguima,tegular,telamon,telford,Telinga,telomic,telurgy,temblor,Templar,templar,tempora,tenably,tendour,tendril,tenfold,tensify,tepidly,tequila,terbium,termino,tersion,terzina,teucrin,thacker,thameng,thanker,theasum,Thebaic,Thebaid,Thebais,thecium,theclan,thecoid,thegnly,thelium,theoria,theoric,theorum,therapy,theriac,therial,thermal,thermic,thermos,theroid,thesial,Thesium,theurgy,thicken,thickly,thienyl,thimber,thimble,thingal,thingly,thingum,thinker,thionyl,thirdly,thiuram,Thlaspi,thonder,thonged,thorina,thorium,thorned,Thraces,thready,threnos,Thrinax,thripel,thriven,thronal,thrymsa,thugdom,thujone,thumbed,thumber,thumble,thumper,thunder,thurify,Thurnia,thymine,thyroid,thyself,tiburon,tickled,tickler,tickney,tideful,tideway,tieback,tigerly,Tigrean,tilbury,timable,Timaeus,timbale,timbang,timbern,timbery,timbrel,timeful,timeous,timpano,tinamou,tinchel,tinclad,tindalo,tindery,tingler,tinkler,tinwald,tinware,tinwork,tipburn,tiphead,tiredly,tiredom,tireman,toadery,toadier,toadish,tobyman,toenail,tohunga,Tokelau,Toledan,toluide,tomeful,tongued,tonguer,tonguey,tonsure,toparch,topiary,topical,toplike,topline,toprail,topsail,topside,topsman,topwise,Torenia,tormina,tornade,torpify,torqued,torques,torsade,torsile,torsive,torulin,Toryish,Toryism,Toryize,toshery,touched,toucher,toughen,toughly,toumnah,touring,tourism,tourize,tournay,tourney,tousche,towable,towards,towelry,towhead,towlike,towline,townful,townify,townish,toxamin,toxemia,toxemic,toxical,toxicum,toxifer,toyland,toylike,trabuch,trachle,tracing,tracked,trading,traduce,tragedy,trained,traipse,tramful,trample,tranced,trankum,transom,traship,travois,trayful,treacly,treason,trefoil,tregohm,trembly,trenail,trepang,triable,triaxon,tribade,tribady,tribase,tribual,tribuna,tribune,triceps,trickle,trickly,tricksy,triclad,triduan,triedly,trifold,trifoly,trigamy,Trigona,trigone,trilabe,trilobe,trilogy,trindle,trinely,tringle,trinkle,trinode,trionym,Trionyx,triplex,triplum,tripody,trisazo,trishna,trisome,trisomy,trisula,Triumph,triumph,triunal,trizone,trochal,trochid,Trochus,trochus,trompil,tromple,tronage,tropeic,trophal,trophic,Trophis,tropine,tropism,trouble,troubly,troughy,trounce,trowing,trowman,truancy,trucial,truckle,trudgen,trumpie,truncal,trundle,trunked,trusion,trypsin,trysail,tsardom,Tsoneca,tsunami,tubeman,tuberin,tubfish,tubicen,tubifer,Tubifex,tublike,tucking,tuckner,tueiron,Tuesday,tuglike,tulchan,tulchin,tulisan,tumbled,tumbler,tumbrel,tumidly,tumored,tunable,tunably,tundish,tunicle,tunlike,turacin,turbine,Turcian,Turcism,Turcize,turdine,turfage,turfdom,turfing,turfman,turgoid,Turkdom,Turkify,Turkish,Turkism,Turkize,Turkman,Turkmen,turmoil,turncap,turnipy,turnkey,Tuscany,tushery,twanger,twangle,twanker,twankle,twasome,twifold,twigful,twindle,twingle,twinkle,twinkly,twiscar,twoling,tychism,tylarus,tympani,Tynwald,typhlon,typhoid,typhose,typhous,Typhula,typical,typicon,typicum,typobar,tyronic,Tzendal,tzolkin,uberant,uhtsong,uitspan,umbonal,umbones,umbonic,umbrage,Umbrian,Umbriel,umbrine,umbrose,unacted,unadopt,unafire,unaflow,unagile,unaimed,unaired,unakite,unalert,unalike,unalist,unalive,unample,unamply,unaptly,unarmed,unarted,unasked,unaxled,unbaked,unbased,unbaste,unbated,unbeard,unbeast,unbefit,unbegot,unberth,unbesot,unblade,unblest,unblock,unbokel,unbored,unbowed,unbowel,unboxed,unbrace,unbraid,unbrave,unbraze,unbrick,unbrief,unbroad,unbroke,uncaged,uncased,uncaste,unchair,uncharm,unchary,uncheat,unchild,uncited,unclamp,unclasp,unclead,unclear,uncleft,unclify,unclimb,uncloak,unclose,uncoked,uncomfy,uncored,uncover,uncowed,uncramp,uncream,uncrest,uncried,uncrime,uncrisp,uncropt,undaily,undealt,undecyl,undeify,undergo,underly,undevil,undight,undrape,undwelt,unearly,unearth,unempty,unethic,unexact,unfaced,unfaith,unfaked,unfalse,unfamed,unfeary,unfiber,unfiery,unfight,unfiled,unfired,unfitly,unfixed,unflaky,unflead,unflesh,unflock,unfrail,unframe,unfried,unfrock,unfrost,unfroze,ungaite,ungirth,unglaze,unglobe,unglory,unglove,ungodly,ungored,ungrace,ungraft,ungrasp,ungrave,ungreat,ungripe,ungyved,unhabit,unhairy,unhardy,unhaste,unhasty,unhated,unhayed,unhazed,unheady,unheard,unheart,unheavy,unhired,unhoard,unhoary,unhoist,unhoped,unhorse,unhosed,unideal,uniface,uniflow,uniform,unilobe,unimped,unioval,unitage,unitary,unjoyed,unkamed,unkempt,unlaced,unlamed,unlarge,unlatch,unlaved,unlawed,unleaky,unleash,unlight,unliked,unlimed,unlisty,unloath,unlobed,unlodge,unlofty,unlogic,unloved,unmagic,unmaker,unmarch,unmated,unmired,unmiter,unmixed,unmodel,unmoist,unmoldy,unmoral,unmoved,unmowed,unoared,unogled,unoiled,unorbed,unovert,unpaced,unpaged,unpaled,unparch,unpared,unparty,unpaste,unpaved,unpawed,unperch,unpetal,unpiety,unpiled,unplace,unplaid,unplait,unpleat,unplied,unpoise,unpoled,unposed,unpower,unprime,unraced,unraked,unraped,unrated,unravel,unrayed,unrazed,unready,unregal,unresty,unrhyme,unricht,unright,unriped,unrisky,unrived,unrivet,unroast,unrobed,unroped,unrosed,unroted,unroved,unrowed,unroyal,unsated,unsaved,unsawed,unscale,unscaly,unscarb,unscrew,unshade,unshady,unshape,unsharp,unshawl,unsheaf,unshoed,unshore,unshort,unshowy,unshrew,unsight,unsized,unslack,unslate,unslave,unslept,unsmart,unsmoky,unsmote,unsober,unsolar,unsoled,unsolid,unsowed,unspeak,unspelt,unspicy,unspied,unspike,unsplit,unspoil,unstack,unstagy,unstaid,unsteck,unstick,unstock,unstoic,unstore,unstrap,unstrip,unswear,unsweat,unswept,untamed,untaped,untawed,untaxed,unteach,unthick,unthrid,unthrob,untidal,untiled,untimed,untired,untrace,untread,untried,untripe,untwirl,unvalid,unvicar,unvisor,unvital,unvocal,unvoice,unvoted,unvowed,unwaged,unwaked,unwater,unwaved,unwaxed,unwayed,unweary,unwhite,unwield,unwifed,unwiped,unwired,unwitch,unwived,unwordy,unworld,unwormy,unworth,unwrite,unyoked,upaisle,upalong,uparise,upbelch,upblast,upblaze,upborne,upbotch,upbrace,upbraid,upbreak,upbring,upchoke,upclimb,upclose,upcoast,upcover,upcrane,upcrawl,upcrowd,updraft,updrink,upeygan,upfield,upflame,upflare,upflash,upfling,upfloat,upframe,upglean,upglide,upgrade,upgrave,uphelya,uphoard,uphoist,uplight,uplying,upraise,upreach,upridge,upright,uprisal,uprisen,upscale,upscrew,upshaft,upshear,upshore,upshove,upsilon,upslant,upsmite,upsolve,upstage,upstair,upstand,upstare,upsteal,upsteam,upstick,upswarm,upswing,uptable,uptaker,upthrow,uptower,uptrace,uptrack,uptrail,uptrain,uptrend,upvomit,upwards,upwhelm,upwhirl,upwring,uraemic,uraline,uralite,uramido,uramino,uranism,uranist,uranite,urazine,urazole,urceoli,urethan,urgency,Urginea,urinate,urinose,urnlike,urocyst,Urodela,urohyal,urolith,Uropygi,urostea,Ursidae,ursolic,usation,usehold,ushabti,usneoid,utensil,Utopian,utopian,utopism,utricle,uvanite,uxorial,vacuefy,vacuist,vacuity,vacuole,vacuome,vagitus,vaguely,vaguish,vaguity,vainful,valency,valeric,valerin,valetry,valgoid,valsoid,vamfont,vampire,Vandyke,vangeli,vanmost,vansire,vapidly,vapored,varices,variety,variole,various,varment,varnish,varsity,vaseful,vastily,Vaudism,Vaudois,vaulted,vaulter,vaunted,vaunter,vauxite,vection,Vedaism,veinous,velaric,veldman,velours,venatic,venator,vencola,venomly,venosal,ventail,ventrad,ventral,ventric,venular,verbify,verbous,verchok,verdant,verdict,verglas,vermian,verminy,Vermont,Veronal,versant,versify,version,versual,vertigo,vesanic,vesical,Vespina,vespoid,vesting,vestral,vetoism,viaduct,viander,vibgyor,vibrant,vibrate,vibrato,vicarly,viceroy,victory,victual,viduage,viduate,vihuela,vilayet,vinegar,Vingolf,vintage,violate,violent,violety,viperan,Virales,virelay,virgate,virgula,virgule,viroled,virtual,virtued,viruela,visaged,viscera,viseman,vistaed,vitamer,vitrage,vitraux,vitreal,vitrean,vitreum,vitrous,vitular,vixenly,vocable,vocably,vocular,Voetian,voglite,voguish,Volapuk,volatic,volency,voltage,voltaic,voltize,volumed,volupty,Voluspa,voluted,volutin,vomiter,vomitus,vorhand,Vosgian,votable,voucher,voyager,voyance,vrbaite,vulgare,Vulgate,vulgate,vulnose,vulpine,wabster,wadlike,waesuck,Wafdist,wafture,wagedom,waglike,wagoner,wagonry,wagsome,wainful,wairepo,waisted,waister,waivery,wakeful,walking,walkist,walkout,waltzer,wamefou,wandery,wangler,wanhope,wanrufe,wantful,warbled,warblet,warding,wardite,warehou,warison,warlike,warlock,warluck,warmful,warming,warmish,warnish,warnoth,warping,warship,wartime,Warundi,washery,washing,washout,washpot,washtub,waspily,wasting,wastrel,watched,watcher,wauchle,waveson,wavicle,waxbird,waxbush,waxlike,waybird,waybung,waygone,waypost,wayside,weakish,Wealthy,wealthy,wearily,wearing,wearish,weaving,wedlock,weighty,weirdly,welding,Welshry,welsium,welting,Wendish,Wenlock,westing,wetback,wetbird,whacker,whalery,whaling,whamble,whample,whatkin,whicken,whicker,Whiglet,Whilkut,whilock,whilter,whimble,whimper,whimsey,whindle,whinger,whipcat,whipman,whirken,whirled,whirley,whirtle,whisker,whiskey,whisper,whister,whistle,whistly,whitely,Whitsun,whomble,whorage,whorled,whortle,whulter,whuskie,wichtje,widegab,widgeon,wifedom,wightly,wildcat,Wilfred,wilgers,wilsome,wimbrel,wincher,windage,windbag,windles,windock,windore,Windsor,winemay,winepot,Winesap,winesop,winevat,Winfred,wingcut,winglet,winklet,winrace,winsome,wirable,wireman,wiseman,wishful,wishmay,Wishram,wistful,witched,witchen,withers,withery,wobster,Wolfian,wolfish,wolfkin,wolfram,womanly,wongshy,wongsky,wordage,wordily,wording,wordish,wordman,workbag,workday,working,workman,workpan,Wormian,worming,worship,worsted,wosbird,wouldnt,wouldst,wounder,wourali,wournil,wraithe,wraithy,wraitly,wrangle,wrastle,wreathy,wrinkle,wrinkly,wristed,writhed,writhen,wronged,wrongly,wrothly,wrought,wryneck,wrytail,wunsome,Wurmian,Wyandot,Wyethia,xanthic,xanthyl,Xenicus,Xenopus,xerafin,xeronic,xerotic,Xicaque,Xiphura,xyletic,xylogen,xylonic,Xylopia,Xylosma,xyphoid,yachter,Yahwism,Yahwist,yamilke,yamshik,yaourti,yapster,yardful,yarding,yarthen,yarwhip,yashiro,yawnful,yawnups,yealing,yearful,yearock,yeguita,yeldrin,Yeshiva,yoghurt,yohimbe,Yojuane,yonside,Yorkish,Yorkist,Yoruban,youdith,younger,younker,yoursel,youthen,youward,Zamenis,zamorin,zamouse,zanyish,zanyism,Zapotec,zaptieh,zarnich,zealous,zebraic,Zebrina,zebroid,zebrula,zedoary,zelator,Zelkova,zemstvo,Zenobia,zestful,Zeuxian,zibetum,zikurat,Zincalo,zincate,zincous,Zoarces,Zoarite,zoarium,Zoilean,Zolaism,Zolaist,zonated,Zonites,zonular,zonulet,zonurid,Zoquean,zorgite,Zostera,Zuleika,Zulinde,zumatic,zunyite,Zygnema,zygotic,zymogen,zymotic,certain,company,complex,country,curtain,cushion,elastic,harmony,hearing,history,impulse,journey,machine,medical,payment,picture,private,produce,quality,reading,servant,society,special,stomach,strange,thunder,trouble,violent,whistle
